from_country,to_country,fee_clean,season_start,player_name,player_position
England,England,5500000.0,2002,Richard Wright,Goalkeeper
England,Spain,1530000.0,2002,Alexander Manninger,Goalkeeper
England,England,4800000.0,2002,Stephen Wright,Right-Back
England,England,4500000.0,2002,Nick Barmby,Left Midfield
England,England,500000.0,2002,Gary McAllister,Central Midfield
England,England,46000000.0,2002,Rio Ferdinand,Centre-Back
England,England,3500000.0,2002,Dwight Yorke,Centre-Forward
England,England,6800000.0,2002,Titus Bramble,Centre-Back
England,England,225000.0,2002,Stuart Green,Right Winger
England,England,4500000.0,2002,Nick Barmby,Left Midfield
England,England,46000000.0,2002,Rio Ferdinand,Centre-Back
England,England,10500000.0,2002,Robbie Keane,Centre-Forward
England,England,15000.0,2002,Craig Farrell,Centre-Forward
England,Italy,1600000.0,2002,Samuele Dalla Bona,Central Midfield
England,England,1150000.0,2002,Mark Kinsella,Defensive Midfield
England,England,6900000.0,2002,George Boateng,Defensive Midfield
England,England,10500000.0,2002,Robbie Keane,Centre-Forward
England,England,3500000.0,2002,Dwight Yorke,Centre-Forward
England,England,2250000.0,2002,David Thompson,Central Midfield
England,England,1500000.0,2002,Andy Todd,Centre-Back
England,Türkiye,1200000.0,2002,Hakan Ünsal,Left-Back
England,England,600000.0,2002,Ben Burgess,Centre-Forward
England,England,6900000.0,2002,George Boateng,Defensive Midfield
England,Italy,950000.0,2002,Benny Carbone,Second Striker
England,England,750000.0,2002,Eddie Lewis,Left Midfield
England,Scotland,75000.0,2002,Tom Hutchinson,Centre-Back
England,England,5250000.0,2002,Gary Rowett,Right-Back
England,England,300000.0,2002,Paul Rachubka,Goalkeeper
England,England,1500000.0,2002,Andy Todd,Centre-Back
England,England,1150000.0,2002,Mark Kinsella,Defensive Midfield
England,England,5500000.0,2002,Richard Wright,Goalkeeper
England,England,38000.0,2002,David Norris,Central Midfield
England,England,5250000.0,2002,Matt Piper,Right Midfield
England,England,4880000.0,2002,Marcus Stewart,Centre-Forward
England,England,4800000.0,2002,Stephen Wright,Right-Back
England,England,280000.0,2002,Sean Thornton,Central Midfield
England,England,300000.0,2002,Chris Killen,Centre-Forward
England,England,9000000.0,2002,Lee Hughes,Centre-Forward
England,England,3450000.0,2002,Jason Koumas,Attacking Midfield
England,England,2500000.0,2002,Sean Gregan,Centre-Back
England,England,1050000.0,2002,Lee Marshall,Central Midfield
England,England,250000.0,2002,Joe Murphy,Goalkeeper
England,England,6380000.0,2002,Clinton Morrison,Centre-Forward
England,England,1880000.0,2002,Robbie Savage,Defensive Midfield
England,England,525000.0,2002,Tom Williams,Left-Back
England,England,1150000.0,2002,Andy Johnson,Centre-Forward
England,England,3000000.0,2003,David Bellion,Centre-Forward
England,Spain,37500000.0,2003,David Beckham,Central Midfield
England,England,21800000.0,2003,Juan Sebastián Verón,Central Midfield
England,England,50000.0,2003,John Halls,Defensive Midfield
England,England,24500000.0,2003,Damien Duff,Right Midfield
England,England,21800000.0,2003,Juan Sebastián Verón,Central Midfield
England,England,10500000.0,2003,Wayne Bridge,Left-Back
England,England,9900000.0,2003,Joe Cole,Attacking Midfield
England,England,8300000.000000001,2003,Glen Johnson,Right-Back
England,England,750000.0,2003,Mikael Forssell,Centre-Forward
England,England,200000.0,2003,Leon Knight,Centre-Forward
England,England,10000000.0,2003,Harry Kewell,Left Winger
England,England,5250000.0,2003,Steve Finnan,Right-Back
England,England,3600000.0,2003,Steven Reid,Right-Back
England,England,24500000.0,2003,Damien Duff,Right Midfield
England,England,8750000.0,2003,David Dunn,Attacking Midfield
England,England,1250000.0,2003,Kevin Kilbane,Left Midfield
England,England,800000.0,2003,Nigel Martyn,Goalkeeper
England,England,750000.0,2003,Mark Pembridge,Left Midfield
England,England,4850000.0,2003,Kevin Phillips,Centre-Forward
England,England,400000.0,2003,Dexter Blackstock,Centre-Forward
England,England,375000.0,2003,Fitz Hall,Centre-Back
England,England,10500000.0,2003,Wayne Bridge,Left-Back
England,England,3750000.0,2003,Trevor Sinclair,Left Winger
England,England,3750000.0,2003,Claudio Reyna,Central Midfield
England,England,360000.0,2003,Mark Redshaw,Second Striker
England,Mexico,1500000.0,2003,Matías Vuoso,Centre-Forward
England,Germany,1250000.0,2003,Niclas Jensen,Left-Back
England,England,1250000.0,2003,Darren Huckerby,Centre-Forward
England,Germany,723000.0,2003,Lucién Mettomo,Centre-Back
England,England,700000.0,2003,Shaun Goater,Centre-Forward
England,England,450000.0,2003,Kevin Horlock,Defensive Midfield
England,England,280000.0,2003,Steve Howey,Centre-Back
England,England,5250000.0,2003,Frédéric Kanouté,Centre-Forward
England,England,2000000.0,2003,Bobby Zamora,Centre-Forward
England,England,450000.0,2003,Ben Thatcher,Left-Back
England,England,750000.0,2003,Mark Crossley,Goalkeeper
England,England,375000.0,2003,Luke Wilkshire,Right-Back
England,England,1250000.0,2003,Matt Holland,Central Midfield
England,Sweden,500000.0,2003,Jesper Blomqvist,Left Midfield
England,England,8750000.0,2003,David Dunn,Attacking Midfield
England,England,750000.0,2003,Mikael Forssell,Centre-Forward
England,England,1500000.0,2003,Geoff Horsfield,Centre-Forward
England,England,225000.0,2003,Michael Johnson,Centre-Back
England,England,225000.0,2003,Paul Devlin,Attacking Midfield
England,England,750000.0,2003,Mark Pembridge,Left Midfield
England,England,750000.0,2003,Mark Crossley,Goalkeeper
England,England,5250000.0,2003,Steve Finnan,Right-Back
England,England,40000.0,2003,Calum Willock,Centre-Forward
England,England,10000000.0,2003,Harry Kewell,Left Winger
England,Italy,6000000.0,2003,Olivier Dacourt,Defensive Midfield
England,England,800000.0,2003,Nigel Martyn,Goalkeeper
England,Denmark,30000.0,2003,Shane Cansdell-Sherriff,Centre-Back
England,England,3380000.0,2003,Gavin McCann,Central Midfield
England,England,3000000.0,2003,Thomas Sörensen,Goalkeeper
England,England,450000.0,2003,Ben Thatcher,Left-Back
England,England,280000.0,2003,Steve Howey,Centre-Back
England,England,2000000.0,2003,Jody Craddock,Centre-Back
England,Belgium,1000000.0,2003,Cédric Roussel,Centre-Forward
England,England,150000.0,2003,Ívar Ingimarsson,Centre-Back
England,England,7130000.0,2000,Dominic Matteo,Left-Back
England,England,3750000.0,2000,David Hopkin,Right Midfield
England,England,3750000.0,2000,David Hopkin,Right Midfield
England,England,2100000.0,2000,Ashley Ward,Centre-Forward
England,England,1400000.0,2000,Lee Mills,Centre-Forward
England,England,175000.0,2000,Ashley Westwood,Centre-Back
England,England,4500000.0,2000,Gary Rowett,Right-Back
England,England,2500000.0,2000,Callum Davidson,Left-Back
England,England,2250000.0,2000,Trevor Benjamin,Left Winger
England,England,1050000.0,2000,Richard Cresswell,Centre-Forward
England,England,750000.0,2000,Phil Gilchrist,Centre-Back
England,England,325000.0,2000,Stuart Campbell,Defensive Midfield
England,England,9250000.0,2000,Craig Bellamy,Left Winger
England,England,4500000.0,2000,David Thompson,Central Midfield
England,Italy,19500000.0,2000,Robbie Keane,Centre-Forward
England,England,3000000.0,2000,Noel Whelan,Centre-Forward
England,England,1000000.0,2000,Gary McAllister,Central Midfield
England,England,3000000.0,2000,Danny Higginbotham,Centre-Back
England,England,2250000.0,2000,John Curtis,Right-Back
England,England,10500000.0,2000,Carl Cort,Centre-Forward
England,England,3750000.0,2000,Lomana LuaLua,Centre-Forward
England,England,5400000.0,2000,Duncan Ferguson,Centre-Forward
England,England,4500000.0,2000,Alessandro Pistone,Left-Back
England,England,2250000.0,2000,Paul Robinson,Centre-Forward
England,England,1500000.0,2000,Laurent Charvet,Right-Back
England,England,1400000.0,2000,Temur Ketsbaia,Right Winger
England,England,6750000.0,2000,Hermann Hreidarsson,Left-Back
England,England,12200000.0,2000,Ugo Ehiogu,Centre-Back
England,England,3000000.0,2000,Noel Whelan,Centre-Forward
England,England,9000000.0,2000,Christian Ziege,Left Midfield
England,England,251000.0,2000,Craig Harrison,Defender
England,England,7500000.0,2000,Eidur Gudjohnsen,Centre-Forward
England,Scotland,9500000.0,2000,Chris Sutton,Centre-Forward
England,England,6700000.0,2000,Émerson Thome,Centre-Back
England,Spain,3500000.0,2000,Didier Deschamps,Defensive Midfield
England,England,12200000.0,2000,Ugo Ehiogu,Centre-Back
England,Scotland,4400000.0,2000,Alan Thompson,Left Midfield
England,England,3750000.0,2000,Steve Watson,Right-Back
England,Spain,29300000.0,2000,Marc Overmars,Left Winger
England,Spain,15000000.0,2000,Emmanuel Petit,Defensive Midfield
England,England,3500000.0,2000,Stephen Hughes,Central Midfield
England,England,750000.0,2000,Tommy Black,Right Midfield
England,England,66000.0,2000,Tom Williams,Left-Back
England,France,9000000.0,2000,Marc-Vivien Foé,Defensive Midfield
England,England,5600000.0,2000,Paulo Wanchope,Centre-Forward
England,England,300000.0,2000,Gary Alexander,Centre-Forward
England,England,6000000.0,2000,Claus Jensen,Attacking Midfield
England,England,900000.0,2000,Mathias Svensson,Centre-Forward
England,England,150000.0,2000,Mark McCammon,Centre-Forward
England,England,6700000.0,2000,Émerson Thome,Centre-Back
England,England,3750000.0,2000,Don Hutchison,Attacking Midfield
England,England,1800000.0,2000,Darren Holloway,Right-Back
England,England,5600000.0,2000,Paulo Wanchope,Centre-Forward
England,England,4500000.0,2000,Richard Dunne,Centre-Back
England,England,1500000.0,2000,Laurent Charvet,Right-Back
England,England,900000.0,2000,Lee Peacock,Centre-Forward
England,England,130000.0,2000,Shayne Bradley,Striker
England,England,7540000.0,2000,Ben Thatcher,Left-Back
England,England,2000000.0,2000,Espen Baardsen,Goalkeeper
England,England,85000.0,2000,Peter Crouch,Centre-Forward
England,England,9000000.0,2000,Christian Ziege,Left Midfield
England,England,9000000.0,2000,Nick Barmby,Left Midfield
England,England,1000000.0,2000,Gary McAllister,Central Midfield
England,England,7130000.0,2000,Dominic Matteo,Left-Back
England,England,4500000.0,2000,David Thompson,Central Midfield
England,England,400000.0,2000,Stig Inge Bjørnebye,Left-Back
England,England,5400000.0,2000,Duncan Ferguson,Centre-Forward
England,England,4500000.0,2000,Alessandro Pistone,Left-Back
England,England,3800000.0,2000,Niclas Alexandersson,Right Midfield
England,England,3750000.0,2000,Steve Watson,Right-Back
England,England,3500000.0,2000,Stephen Hughes,Central Midfield
England,England,54000.0,2000,Andrew Pettinger,Goalkeeper
England,England,9000000.0,2000,Nick Barmby,Left Midfield
England,England,4500000.0,2000,Richard Dunne,Centre-Back
England,England,3750000.0,2000,Don Hutchison,Attacking Midfield
England,England,2750000.0,2000,John Collins,Left Midfield
England,England,250000.0,2000,Mitch Ward,Central Midfield
England,England,3000000.0,2000,Danny Higginbotham,Centre-Back
England,England,125000.0,2000,Adam Bolder,Midfielder
England,France,6000000.0,2000,Esteban Fuertes,Centre-Forward
England,France,350000.0,2000,Mikkel Beck,Centre-Forward
England,England,26000000.0,2000,Rio Ferdinand,Centre-Back
England,England,4000000.0,2000,Darren Huckerby,Centre-Forward
England,England,680000.0,2000,Robert Molenaar,Centre-Back
England,England,150000.0,2000,Lee Matthews,Central Midfield
England,England,680000.0,2000,Robert Molenaar,Centre-Back
England,England,3000000.0,2000,Andrew O'Brien,Centre-Back
England,England,2250000.0,2000,David Hopkin,Right Midfield
England,England,1570000.0,2000,Dean Windass,Centre-Forward
England,England,550000.0,2000,Isaiah Rankin,Centre-Forward
England,England,700000.0,2000,Lee Marshall,Central Midfield
England,England,530000.0,2000,Dean Sturridge,Centre-Forward
England,England,90000.0,2000,Kevin Ellison,Left Winger
England,Scotland,8630000.0,2000,Neil Lennon,Central Midfield
England,England,3750000.0,2000,Lee Carsley,Defensive Midfield
England,England,2400000.0,2000,Cédric Roussel,Centre-Forward
England,England,375000.0,2000,Colin Hendry,Centre-Back
England,England,2000000.0,2000,David Healy,Centre-Forward
England,England,3000000.0,2000,Andrew O'Brien,Centre-Back
England,England,1150000.0,2000,Wayne Quinn,Left-Back
England,England,6000000.0,2000,Alain Goma,Centre-Back
England,France,5340000.0,2000,Didier Domi,Left-Back
England,England,2100000.0,2000,Chris Makin,Left-Back
England,England,750000.0,2000,Alun Armstrong,Centre-Forward
England,England,4500000.0,2000,David Johnson,Centre-Forward
England,England,1570000.0,2000,Dean Windass,Centre-Forward
England,England,750000.0,2000,Alun Armstrong,Centre-Forward
England,Scotland,18000000.0,2000,Tore André Flo,Centre-Forward
England,England,24000.0,2000,Stuart Reddington,Defender
England,Israel,315000.0,2000,Najwan Ghrayib,Left-Back
England,England,150000.0,2000,Aaron Lescott,Left-Back
England,England,525000.0,2000,Paolo Vernazza,Central Midfield
England,Wales,450000.0,2000,Rhys Weston,Right-Back
England,England,4170000.0,2000,Rigobert Song,Centre-Back
England,England,3300000.0,2000,Titi Camara,Centre-Forward
England,England,2820000.0,2000,Christian Dailly,Centre-Back
England,England,26000000.0,2000,Rio Ferdinand,Centre-Back
England,England,1500000.0,2000,Daniel Sjölund,Defensive Midfield
England,England,1550000.0,2000,Mark Fish,Centre-Back
England,England,312000.0,2000,Carl Tiler,Centre-Back
England,England,2100000.0,2000,Chris Makin,Left-Back
England,England,1500000.0,2000,Paul Butler,Centre-Back
England,England,125000.0,2000,Carsten Fredgaard,Left-Back
England,England,4000000.0,2000,Darren Huckerby,Centre-Forward
England,England,125000.0,2000,Carlo Nash,Goalkeeper
England,England,339000.0,2000,Danny Allsopp,Centre-Forward
England,England,15000.0,2000,Daniel Webb,Centre-Back
England,Germany,320000.0,2000,José Dominguez,Left Winger
England,England,50000.0,2000,Mark Gower,Central Midfield
England,England,1500000.0,2000,Daniel Sjölund,Defensive Midfield
England,England,4170000.0,2000,Rigobert Song,Centre-Back
England,England,3300000.0,2000,Titi Camara,Centre-Forward
England,England,114000.0,2000,Jon Newby,Centre-Forward
England,England,530000.0,2000,Dean Sturridge,Centre-Forward
England,England,7500000.0,2001,Don Hutchison,Attacking Midfield
England,England,4800000.0,2001,David James,Goalkeeper
England,England,16000000.0,2001,Frank Lampard,Central Midfield
England,England,4500000.0,2001,Matt Jones,Central Midfield
England,England,4500000.0,2001,James Scowcroft,Centre-Forward
England,England,3750000.0,2001,Ian Walker,Goalkeeper
England,England,3500000.0,2001,Dennis Wise,Defensive Midfield
England,England,150000.0,2001,Ashley Lyth,Right-Back
England,Scotland,700000.0,2001,Steve Guppy,Left Midfield
England,England,375000.0,2001,Lawrie Dudfield,Centre-Forward
England,England,3000000.0,2001,Roy Carroll,Goalkeeper
England,England,750000.0,2001,Luke Steele,Goalkeeper
England,Italy,25750000.0,2001,Jaap Stam,Centre-Back
England,England,3000000.0,2001,Jonathan Greening,Central Midfield
England,England,2300000.0,2001,Mark Wilson,Central Midfield
England,England,350000.0,2001,Alex Notman,Right Winger
England,England,5250000.0,2001,Jon Harley,Left-Back
England,England,2300000.0,2001,Luís Boa Morte,Left Midfield
England,England,225000.0,2001,Paul Peschisolido,Centre-Forward
England,England,9000000.0,2001,Craig Bellamy,Left Winger
England,Portugal,300000.0,2001,Silvio Maric,Attacking Midfield
England,England,1100000.0,2001,Tommy Miller,Central Midfield
England,England,225000.0,2001,Chris Hogg,Centre-Back
England,England,9000000.0,2001,Richard Wright,Goalkeeper
England,England,4500000.0,2001,James Scowcroft,Centre-Forward
England,England,9750000.0,2001,Gareth Southgate,Centre-Back
England,England,3000000.0,2001,Jonathan Greening,Central Midfield
England,England,2300000.0,2001,Mark Wilson,Central Midfield
England,Greece,3000000.0,2001,Christian Karembeu,Defensive Midfield
England,England,16000000.0,2001,Frank Lampard,Central Midfield
England,England,5250000.0,2001,Jon Harley,Left-Back
England,England,3500000.0,2001,Dennis Wise,Defensive Midfield
England,England,3400000.0,2001,Gustavo Poyet,Attacking Midfield
England,France,1800000.0,2001,Frank Leboeuf,Centre-Back
England,France,370000.0,2001,Bernard Lambourde,Centre-Back
England,England,4000000.0,2001,Mustapha Hadji,Attacking Midfield
England,England,9750000.0,2001,Gareth Southgate,Centre-Back
England,England,4800000.0,2001,David James,Goalkeeper
England,England,2250000.0,2001,Mark Draper,Central Midfield
England,England,11500000.0,2001,Seth Johnson,Central Midfield
England,England,4500000.0,2001,Matt Jones,Central Midfield
England,Scotland,75000.0,2001,Alan Maybury,Right-Back
England,England,9000000.0,2001,Richard Wright,Goalkeeper
England,Italy,7000000.0,2001,Nelson Vivas,Right-Back
England,Spain,3800000.0,2001,Sylvinho,Left-Back
England,Germany,900000.0,2001,Stefan Malz,Left-Back
England,Germany,300000.0,2001,Guy Demel,Right-Back
England,England,7500000.0,2001,Jason Euell,Left Winger
England,England,6000000.0,2001,Luke Young,Right-Back
England,England,1000000.0,2001,Shaun Newton,Right Midfield
England,England,375000.0,2001,Danny Shittu,Centre-Back
England,England,70000.0,2001,Matt Glennon,Goalkeeper
England,England,3000000.0,2001,Jason McAteer,Right Midfield
England,England,7500000.0,2001,Don Hutchison,Attacking Midfield
England,England,2240000.0,2001,Danny Dichio,Centre-Forward
England,England,1800000.0,2001,Alex Rae,Central Midfield
England,Denmark,825000.0,2001,Carsten Fredgaard,Left-Back
England,England,475000.0,2001,Chris Lumsdon,Central Midfield
England,England,50000.0,2001,Neil Wainwright,Left Winger
England,England,6000000.0,2001,Rory Delap,Central Midfield
England,England,2250000.0,2001,Mark Draper,Central Midfield
England,England,12150000.0,2001,Dean Richards,Centre-Back
England,England,1500000.0,2001,Lucas Neill,Centre-Back
England,England,3000000.0,2001,Jason McAteer,Right Midfield
England,England,800000.0,2001,John Filan,Goalkeeper
England,England,12150000.0,2001,Dean Richards,Centre-Back
England,England,6500000.0,2001,Christian Ziege,Left Midfield
England,England,3400000.0,2001,Gustavo Poyet,Attacking Midfield
England,England,6000000.0,2001,Luke Young,Right-Back
England,England,3750000.0,2001,Ian Walker,Goalkeeper
England,England,8199999.999999999,2001,Chris Kirkland,Goalkeeper
England,England,6500000.0,2001,Christian Ziege,Left Midfield
England,Scotland,9750000.0,2001,Michael Ball,Left-Back
England,England,375000.0,2001,Phil Jevons,Centre-Forward
England,England,11500000.0,2001,Seth Johnson,Central Midfield
England,England,6000000.0,2001,Rory Delap,Central Midfield
England,England,1130000.0,2001,Svetoslav Todorov,Centre-Forward
England,Germany,1000000.0,2001,Rigobert Song,Centre-Back
England,England,1500000.0,2001,Paul Dickov,Centre-Forward
England,England,450000.0,2001,Alan Rogers,Left-Back
England,England,250000.0,2001,Brian Deane,Centre-Forward
England,England,1130000.0,2001,Dean Sturridge,Centre-Forward
England,England,80000.0,2001,Kevin Ellison,Left Winger
England,England,12200000.0,2001,Andy Cole,Centre-Forward
England,England,500000.0,2001,Kit Symons,Centre-Back
England,England,300000.0,2001,Kevin Betsy,Left Midfield
England,England,7500000.0,2001,Jermaine Jenas,Central Midfield
England,England,400000.0,2001,Rob Lee,Central Midfield
England,England,188000.0,2001,David Beharall,Centre-Back
England,England,4500000.0,2001,Marcus Bent,Centre-Forward
England,England,1430000.0,2001,Andy Campbell,Centre-Forward
England,England,475000.0,2001,Steve Vickers,Centre-Back
England,England,250000.0,2001,Brian Deane,Centre-Forward
England,England,120000.0,2001,Curtis Fleming,Centre-Back
England,England,7500000.0,2001,Peter Crouch,Centre-Forward
England,England,16800000.0,2001,Robbie Fowler,Centre-Forward
England,England,70000.0,2001,John Salako,Left Midfield
England,England,2650000.0,2001,Brett Ormerod,Centre-Forward
England,England,150000.0,2001,Mike Williamson,Centre-Back
England,England,12200000.0,2001,Andy Cole,Centre-Forward
England,England,4500000.0,2001,Marcus Bent,Centre-Forward
England,England,2250000.0,2001,Nathan Blake,Centre-Forward
England,England,125000.0,2001,Damien Johnson,Central Midfield
England,England,1200000.0,2001,Abel Xavier,Right-Back
England,England,16800000.0,2001,Robbie Fowler,Centre-Forward
England,Spain,5000000.0,2001,Sander Westerveld,Goalkeeper
England,England,350000.0,2001,Alan Navarro,Defensive Midfield
England,England,2850000.0,2001,Lee Carsley,Defensive Midfield
England,England,1200000.0,2001,Abel Xavier,Right-Back
England,Türkiye,600000.0,2001,Thomas Myhre,Goalkeeper
England,England,400000.0,2001,Rob Lee,Central Midfield
England,England,1400000.0,2002,Matthew Upson,Centre-Back
England,Türkiye,1500000.0,2002,Abel Xavier,Right-Back
England,Sweden,500000.0,2002,Daniel Sjölund,Defensive Midfield
England,England,13500000.0,2002,Jonathan Woodgate,Centre-Back
England,England,1500000.0,2002,Darren Ambrose,Right Midfield
England,England,13500000.0,2002,Jonathan Woodgate,Centre-Back
England,England,9800000.0,2002,Robbie Fowler,Centre-Forward
England,England,300000.0,2002,Lee Bowyer,Central Midfield
England,Germany,500000.0,2002,Mikael Forssell,Centre-Forward
England,England,300000.0,2002,Lee Bowyer,Central Midfield
England,England,100000.0,2002,David Noble,Central Midfield
England,England,75000.0,2002,Grant McCann,Central Midfield
England,England,1350000.0,2002,Stephen Clemence,Central Midfield
England,England,3750000.0,2002,David Prutton,Central Midfield
England,England,2250000.0,2002,Danny Higginbotham,Centre-Back
England,England,5250000.0,2002,Michael Ricketts,Centre-Forward
England,England,4500000.0,2002,Malcolm Christie,Centre-Forward
England,England,2230000.0,2002,Chris Riggott,Centre-Back
England,England,1200000.0,2002,Hermann Hreidarsson,Left-Back
England,England,1880000.0,2002,Espen Baardsen,Goalkeeper
England,England,375000.0,2002,Kevin McLeod,Left Midfield
England,England,5250000.0,2002,Michael Ricketts,Centre-Forward
England,England,9800000.0,2002,Robbie Fowler,Centre-Forward
England,England,1850000.0,2002,Jamie Clapham,Left-Back
England,England,1400000.0,2002,Matthew Upson,Centre-Back
England,England,1350000.0,2002,Stephen Clemence,Central Midfield
England,England,50000.0,2002,Andy Marriott,Goalkeeper
England,England,17500000.0,2003,Louis Saha,Centre-Forward
England,England,3000000.0,2003,Carl Cort,Centre-Forward
England,England,2000000.0,2003,Nolberto Solano,Right Midfield
England,England,14500000.0,2003,Scott Parker,Central Midfield
England,England,1880000.0,2003,Jon Stead,Centre-Forward
England,England,215000.0,2003,Peter Enckelman,Goalkeeper
England,England,1600000.0,2003,Martin Taylor,Centre-Back
England,England,225000.0,2003,Sean O'Hanlon,Centre-Back
England,England,750000.0,2003,Paul Smith,Goalkeeper
England,England,375000.0,2003,Paul Jones,Goalkeeper
England,England,2800000.0,2003,David James,Goalkeeper
England,England,750000.0,2003,Eyal Berkovic,Attacking Midfield
England,England,10500000.0,2003,Jermain Defoe,Centre-Forward
England,England,700000.0,2003,Michael Brown,Central Midfield
England,Belgium,1200000.0,2003,Jonathan Blondel,Defensive Midfield
England,England,150000.0,2003,Jerome Thomas,Left Winger
England,England,14500000.0,2003,Scott Parker,Central Midfield
England,England,1600000.0,2003,Martin Taylor,Centre-Back
England,England,1600000.0,2003,Ian Pearce,Centre-Back
England,England,80000.0,2003,Liam Rosenior,Right-Back
England,England,17500000.0,2003,Louis Saha,Centre-Forward
England,England,2000000.0,2003,Nolberto Solano,Right Midfield
England,England,215000.0,2003,Peter Enckelman,Goalkeeper
England,England,75000.0,2003,Boaz Myhill,Goalkeeper
England,England,750000.0,2003,Eyal Berkovic,Attacking Midfield
England,England,450000.0,2003,Richard Duffy,Centre-Back
England,Germany,200000.0,2003,Boris Zivkovic,Right-Back
England,England,180000.0,2003,Lee Morris,Centre-Forward
England,England,3000000.0,2003,Carl Cort,Centre-Forward
England,England,375000.0,2003,Paul Jones,Goalkeeper
England,England,3900000.0,2004,Francis Jeffers,Centre-Forward
England,England,3300000.0,2004,Jesper Grønkjaer,Left Winger
England,England,37000000.0,2004,Wayne Rooney,Centre-Forward
England,England,9000000.0,2004,Alan Smith,Central Midfield
England,England,3750000.0,2004,Nicky Butt,Defensive Midfield
England,Spain,3200000.0,2004,Diego Forlán,Centre-Forward
England,England,75000.0,2004,Mark Lynch,Right-Back
England,Spain,12000000.0,2004,Michael Owen,Centre-Forward
England,England,9320000.0,2004,Emile Heskey,Centre-Forward
England,England,3250000.0,2004,Danny Murphy,Central Midfield
England,England,7400000.0,2004,James Milner,Central Midfield
England,England,3750000.0,2004,Nicky Butt,Defensive Midfield
England,England,3000000.0,2004,Stephen Carr,Right-Back
England,Spain,18300000.0,2004,Jonathan Woodgate,Centre-Back
England,England,1130000.0,2004,Gary Speed,Central Midfield
England,England,3000000.0,2004,Peter Crouch,Centre-Forward
England,England,225000.0,2004,Rob Edwards,Centre-Back
England,Germany,200000.0,2004,Marcus Allbäck,Centre-Forward
England,England,3900000.0,2004,Francis Jeffers,Centre-Forward
England,England,3250000.0,2004,Danny Murphy,Central Midfield
England,England,1900000.0,2004,Claus Jensen,Attacking Midfield
England,England,50000.0,2004,Mathias Svensson,Centre-Forward
England,England,1130000.0,2004,Gary Speed,Central Midfield
England,England,375000.0,2004,Simon Charlton,Left-Back
England,England,3000000.0,2004,Tomasz Radzinski,Centre-Forward
England,England,1900000.0,2004,Claus Jensen,Attacking Midfield
England,England,5200000.0,2004,Sean Davis,Defensive Midfield
England,England,9320000.0,2004,Emile Heskey,Centre-Forward
England,England,3300000.0,2004,Jesper Grønkjaer,Left Winger
England,England,400000.0,2004,Dwight Yorke,Centre-Forward
England,England,900000.0,2004,Darren Purse,Centre-Back
England,England,450000.0,2004,Aliou Cissé,Defensive Midfield
England,England,300000.0,2004,Stern John,Centre-Forward
England,England,6750000.0,2004,Mark Viduka,Centre-Forward
England,England,1750000.0,2004,Jonathan Greening,Central Midfield
England,Italy,1000000.0,2004,Massimo Maccarone,Centre-Forward
England,England,3000000.0,2004,Peter Crouch,Centre-Forward
England,England,2250000.0,2004,Fitz Hall,Centre-Back
England,England,250000.0,2004,Stephen Crainey,Left-Back
England,England,2500000.0,2004,Ricardo Fuller,Centre-Forward
England,England,450000.0,2004,Aliou Cissé,Defensive Midfield
England,England,375000.0,2004,Rowan Vine,Centre-Forward
England,England,5200000.0,2004,Sean Davis,Defensive Midfield
England,England,4100000.0,2004,Michael Carrick,Defensive Midfield
England,England,3000000.0,2004,Paul Robinson,Goalkeeper
England,England,1800000.0,2004,Calum Davenport,Centre-Back
England,Portugal,7500000.0,2004,Hélder Postiga,Centre-Forward
England,England,3000000.0,2004,Stephen Carr,Right-Back
England,England,225000.0,2004,Paul Dickov,Centre-Forward
England,England,400000.0,2004,Dwight Yorke,Centre-Forward
England,England,1500000.0,2004,Ben Thatcher,Left-Back
England,Spain,750000.0,2004,Paulo Wanchope,Centre-Forward
England,England,2200000.0,2004,Tim Cahill,Attacking Midfield
England,England,675000.0,2004,Marcus Bent,Centre-Forward
England,England,37000000.0,2004,Wayne Rooney,Centre-Forward
England,England,3000000.0,2004,Tomasz Radzinski,Centre-Forward
England,Denmark,1600000.0,2004,Tobias Linderoth,Defensive Midfield
England,England,750000.0,2004,Youssef Safri,Defensive Midfield
England,England,375000.0,2004,Simon Charlton,Left-Back
England,England,50000.0,2004,Mathias Svensson,Centre-Forward
England,England,450000.0,2004,Malky Mackay,Centre-Back
England,England,4500000.0,2004,Robert Earnshaw,Centre-Forward
England,England,1750000.0,2004,Jonathan Greening,Central Midfield
England,England,900000.0,2004,Darren Purse,Centre-Back
England,England,150000.0,2004,Riccardo Scimeca,Centre-Back
England,England,750000.0,2004,Sean Gregan,Centre-Back
England,England,375000.0,2004,James Chambers,Right-Back
England,England,2250000.0,2004,Fitz Hall,Centre-Back
England,England,100000.0,2004,Wayne Andrews,Striker
England,England,31500000.0,2005,Shaun Wright-Phillips,Right Winger
England,France,10100000.0,2005,Tiago Mendes,Central Midfield
England,England,9500000.0,2005,Scott Parker,Central Midfield
England,Spain,9000000.0,2005,Mateja Kežman,Centre-Forward
England,Italy,20000000.0,2005,Patrick Vieira,Defensive Midfield
England,England,750000.0,2005,Jermaine Pennant,Right Winger
England,England,4000000.0,2005,Edwin van der Sar,Goalkeeper
England,England,2000000.0,2005,Ben Foster,Goalkeeper
England,England,5300000.0,2005,Phil Neville,Right-Back
England,Türkiye,2600000.0,2005,Kléberson,Central Midfield
England,England,5300000.0,2005,Phil Neville,Right-Back
England,England,5250000.0,2005,Simon Davies,Right Midfield
England,England,375000.0,2005,John Ruddy,Goalkeeper
England,England,10500000.0,2005,Peter Crouch,Centre-Forward
England,England,225000.0,2005,Jack Hobbs,Centre-Back
England,England,8840000.0,2005,Milan Baros,Centre-Forward
England,England,2250000.0,2005,John Welsh,Central Midfield
England,England,9750000.0,2005,Yakubu Aiyegbeni,Centre-Forward
England,England,3600000.0,2005,Darius Vassell,Centre-Forward
England,England,31500000.0,2005,Shaun Wright-Phillips,Right Winger
England,England,1000000.0,2005,Jon Macken,Centre-Forward
England,England,15000000.0,2005,Jermaine Jenas,Central Midfield
England,England,4700000.0,2005,Tom Huddlestone,Defensive Midfield
England,England,3500000.0,2005,Grzegorz Rasiak,Centre-Forward
England,England,3000000.0,2005,Wayne Routledge,Left Winger
England,England,1200000.0,2005,Aaron Lennon,Right Winger
England,Spain,6500000.0,2005,Frédéric Kanouté,Centre-Forward
England,England,5250000.0,2005,Simon Davies,Right Midfield
England,France,3000000.0,2005,Erik Edman,Left-Back
England,Germany,2500000.0,2005,Thimothée Atouba,Left-Back
England,Germany,100000.0,2005,Reto Ziegler,Centre-Back
England,England,8840000.0,2005,Milan Baros,Centre-Forward
England,England,1500000.0,2005,Aaron Hughes,Centre-Back
England,England,1500000.0,2005,Kevin Phillips,Centre-Forward
England,England,3600000.0,2005,Darius Vassell,Centre-Forward
England,England,2250000.0,2005,Nolberto Solano,Right Midfield
England,England,50000.0,2005,Wayne Henderson,Goalkeeper
England,England,4500000.0,2005,Darren Bent,Centre-Forward
England,England,1600000.0,2005,Darren Ambrose,Right Midfield
England,England,2250000.0,2005,Paul Konchesky,Left-Back
England,England,750000.0,2005,Jermaine Pennant,Right Winger
England,England,3000000.0,2005,Clinton Morrison,Centre-Forward
England,England,2250000.0,2005,Darren Carter,Central Midfield
England,England,1200000.0,2005,Robbie Blake,Second Striker
England,England,2000000.0,2005,Heidar Helguson,Centre-Forward
England,England,4000000.0,2005,Edwin van der Sar,Goalkeeper
England,England,400000.0,2005,Elvis Hammond,Centre-Forward
England,England,9500000.0,2005,Scott Parker,Central Midfield
England,England,2250000.0,2005,Nolberto Solano,Right Midfield
England,England,15000000.0,2005,Jermaine Jenas,Central Midfield
England,England,7500000.0,2005,Craig Bellamy,Left Winger
England,England,3000000.0,2005,Andrew O'Brien,Centre-Back
England,England,2300000.0,2005,Laurent Robert,Left Winger
England,England,1600000.0,2005,Darren Ambrose,Right Midfield
England,England,1500000.0,2005,Aaron Hughes,Centre-Back
England,England,7500000.0,2005,Craig Bellamy,Left Winger
England,England,2700000.0,2005,Jon Stead,Centre-Forward
England,England,3000000.0,2005,Andrew O'Brien,Centre-Back
England,England,2300000.0,2005,Laurent Robert,Left Winger
England,England,9750000.0,2005,Yakubu Aiyegbeni,Centre-Forward
England,England,2250000.0,2005,Diomansy Kamara,Right Winger
England,England,150000.0,2005,Ricardo Fuller,Centre-Forward
England,England,4500000.0,2005,Curtis Davies,Centre-Back
England,England,4500000.0,2005,Nathan Ellington,Centre-Forward
England,England,2250000.0,2005,Darren Carter,Central Midfield
England,England,2250000.0,2005,Diomansy Kamara,Right Winger
England,England,1800000.0,2005,Geoff Horsfield,Centre-Forward
England,England,1650000.0,2005,Rob Hulse,Centre-Forward
England,England,900000.0,2005,Darren Purse,Centre-Back
England,England,2700000.0,2005,Jon Stead,Centre-Forward
England,England,1880000.0,2005,Kelvin Davis,Goalkeeper
England,England,1200000.0,2005,Andy Gray,Centre-Forward
England,England,250000.0,2005,Sean Thornton,Central Midfield
England,England,6450000.0,2005,Henri Camara,Centre-Forward
England,England,3000000.0,2005,David Connolly,Centre-Forward
England,England,2250000.0,2005,Damien Francis,Central Midfield
England,England,300000.0,2005,Mike Pollitt,Goalkeeper
England,England,100000.0,2005,Ryan Taylor,Right-Back
England,England,4500000.0,2005,Nathan Ellington,Centre-Forward
England,England,450000.0,2005,Ian Breckin,Centre-Back
England,England,375000.0,2005,David Graham,Centre-Forward
England,England,2250000.0,2005,Paul Konchesky,Left-Back
England,England,2000000.0,2005,Danny Gabbidon,Centre-Back
England,England,2000000.0,2005,James Collins,Centre-Back
England,England,550000.0,2005,Clive Clarke,Left-Back
England,Russia,1500000.0,2005,Aleksey Smertin,Defensive Midfield
England,England,10500000.0,2005,Theo Walcott,Right Winger
England,Russia,2500000.0,2005,Quincy Owusu-Abeyie,Left Winger
England,Italy,4000000.0,2005,Per Kröldrup,Centre-Back
England,England,3000000.0,2005,Marcus Bent,Centre-Forward
England,England,150000.0,2005,Florent Sinama-Pongolle,Second Striker
England,England,375000.0,2005,Matt Mills,Centre-Back
England,England,3210000.0,2005,Danny Murphy,Central Midfield
England,England,3000000.0,2005,Grzegorz Rasiak,Centre-Forward
England,England,2800000.0,2005,Sean Davis,Defensive Midfield
England,England,2300000.0,2005,Michael Brown,Central Midfield
England,England,500000.0,2005,Stefan Postma,Goalkeeper
England,England,3000000.0,2005,Marcus Bent,Centre-Forward
England,England,3210000.0,2005,Danny Murphy,Central Midfield
England,England,250000.0,2005,Dean Kiely,Goalkeeper
England,England,750000.0,2005,DJ Campbell,Centre-Forward
England,Spain,1500000.0,2005,Walter Pandiani,Centre-Forward
England,England,2300000.0,2005,Michael Brown,Central Midfield
England,England,1500000.0,2005,Antti Niemi,Goalkeeper
England,England,225000.0,2005,Liam Fontaine,Centre-Back
England,England,150000.0,2005,Florent Sinama-Pongolle,Second Striker
England,England,2800000.0,2005,Sean Davis,Defensive Midfield
England,England,250000.0,2005,Dean Kiely,Goalkeeper
England,England,1800000.0,2005,Nigel Quashie,Central Midfield
England,England,4130000.0,2005,Robert Earnshaw,Centre-Forward
England,England,400000.0,2005,Darren Moore,Centre-Back
England,England,200000.0,2005,Lloyd Dyer,Left Midfield
England,England,1100000.0,2005,Andy Gray,Centre-Forward
England,England,75000.0,2005,Carl Robinson,Central Midfield
England,England,300000.0,2005,Alan Mahon,Left Midfield
England,England,10890000.0,2005,Dean Ashton,Centre-Forward
England,England,400000.0,2005,Gavin Williams,Attacking Midfield
England,England,7400000.0,2006,Ashley Cole,Left-Back
England,England,15500000.0,2006,Damien Duff,Right Midfield
England,Spain,12000000.0,2006,Eidur Gudjohnsen,Centre-Forward
England,England,8900000.0,2006,Robert Huth,Centre-Back
England,Spain,7500000.0,2006,Asier del Horno,Left-Back
England,Scotland,3500000.0,2006,Jiri Jarosik,Centre-Back
England,England,3000000.0,2006,Carlton Cole,Centre-Forward
England,Argentina,2200000.0,2006,Juan Sebastián Verón,Central Midfield
England,England,7400000.0,2006,Ashley Cole,Left-Back
England,Spain,2900000.0,2006,Pascal Cygan,Centre-Back
England,Germany,300000.0,2006,Sebastian Svärd,Defensive Midfield
England,England,27200000.0,2006,Michael Carrick,Defensive Midfield
England,Spain,15000000.0,2006,Ruud van Nistelrooy,Centre-Forward
England,England,750000.0,2006,Jonathan Spector,Centre-Back
England,England,250000.0,2006,Luke Steele,Goalkeeper
England,England,11000000.0,2006,Andy Johnson,Centre-Forward
England,England,6500000.0,2006,Joleon Lescott,Centre-Back
England,England,2500000.0,2006,Kevin Kilbane,Left Midfield
England,England,9100000.0,2006,Jermaine Pennant,Right Winger
England,England,9000000.0,2006,Craig Bellamy,Left Winger
England,Spain,5000000.0,2006,Fernando Morientes,Centre-Forward
England,England,3730000.0,2006,Chris Kirkland,Goalkeeper
England,Netherlands,3000000.0,2006,Jan Kromkamp,Right-Back
England,England,2800000.0,2006,Djimi Traoré,Centre-Back
England,Spain,2500000.0,2006,Antonio Barragán,Right-Back
England,England,2300000.0,2006,Neil Mellor,Centre-Forward
England,France,1500000.0,2006,Djibril Cissé,Centre-Forward
England,France,1000000.0,2006,Bruno Cheyrou,Central Midfield
England,England,375000.0,2006,Darren Potter,Central Midfield
England,England,150000.0,2006,Danny O'Donnell,Centre-Back
England,Spain,125000.0,2006,Florent Sinama-Pongolle,Second Striker
England,England,3250000.0,2006,Radhi Jaïdi,Centre-Back
England,England,600000.0,2006,Dietmar Hamann,Defensive Midfield
England,England,8900000.0,2006,Robert Huth,Centre-Back
England,England,2400000.0,2006,Julio Arca,Central Midfield
England,England,4500000.0,2006,Franck Queudrue,Left-Back
England,England,900000.0,2006,Joe Hart,Goalkeeper
England,England,600000.0,2006,Dietmar Hamann,Defensive Midfield
England,England,1700000.0,2006,David James,Goalkeeper
England,England,900000.0,2006,Lee Croft,Right Midfield
England,England,750000.0,2006,Andy Cole,Centre-Forward
England,England,100000.0,2006,Bradley Wright-Phillips,Centre-Forward
England,England,10000000.0,2006,Pascal Chimbonda,Right-Back
England,England,3000000.0,2006,Steed Malbranque,Central Midfield
England,England,27200000.0,2006,Michael Carrick,Defensive Midfield
England,England,4200000.0,2006,Andy Reid,Left Midfield
England,England,1600000.0,2006,Stephen Kelly,Right-Back
England,Italy,375000.0,2006,Rodrigo Defendi,Centre-Back
England,England,325000.0,2006,Dean Marney,Central Midfield
England,England,1050000.0,2006,Kevin Phillips,Centre-Forward
England,Spain,250000.0,2006,Mathieu Berson,Defensive Midfield
England,England,4200000.0,2006,Andy Reid,Left Midfield
England,England,3000000.0,2006,Amdy Faye,Defensive Midfield
England,England,2800000.0,2006,Djimi Traoré,Centre-Back
England,England,675000.0,2006,Simon Walton,Central Midfield
England,England,4500000.0,2006,Franck Queudrue,Left-Back
England,England,3750000.0,2006,Jimmy Bullard,Central Midfield
England,England,1500000.0,2006,Gabriel Zakuani,Centre-Back
England,England,3000000.0,2006,Steed Malbranque,Central Midfield
England,England,565000.0,2006,Dean Leacock,Centre-Back
England,England,150000.0,2006,Darren Pratley,Central Midfield
England,England,15500000.0,2006,Damien Duff,Right Midfield
England,Italy,4000000.0,2006,Jean-Alain Boumsong,Centre-Back
England,England,3000000.0,2006,Amdy Faye,Defensive Midfield
England,England,1130000.0,2006,Lee Bowyer,Central Midfield
England,England,750000.0,2006,Michael Chopra,Centre-Forward
England,England,4080000.0,2006,Jason Roberts,Centre-Forward
England,England,9000000.0,2006,Craig Bellamy,Left Winger
England,England,3750000.0,2006,Shefki Kuqi,Centre-Forward
England,England,750000.0,2006,Jemal Johnson,Left Winger
England,England,1700000.0,2006,David James,Goalkeeper
England,England,750000.0,2006,Andy Cole,Centre-Forward
England,Belgium,1000000.0,2006,Brian Priske,Right-Back
England,England,250000.0,2006,Jhon Viáfara,Defensive Midfield
England,England,7500000.0,2006,Emile Heskey,Centre-Forward
England,England,4500000.0,2006,Fitz Hall,Centre-Back
England,England,3730000.0,2006,Chris Kirkland,Goalkeeper
England,England,3200000.0,2006,David Cotterill,Right Winger
England,England,2500000.0,2006,Kevin Kilbane,Left Midfield
England,England,1500000.0,2006,Emmerson Boyce,Right-Back
England,England,10000000.0,2006,Pascal Chimbonda,Right-Back
England,England,4080000.0,2006,Jason Roberts,Centre-Forward
England,England,3750000.0,2006,Jimmy Bullard,Central Midfield
England,England,2300000.0,2006,David Connolly,Centre-Forward
England,England,2250000.0,2006,Damien Francis,Central Midfield
England,England,750000.0,2006,Graham Kavanagh,Central Midfield
England,England,3000000.0,2006,Carlton Cole,Centre-Forward
England,England,3000000.0,2006,Rob Green,Goalkeeper
England,England,1630000.0,2006,George McCartney,Left-Back
England,England,1500000.0,2006,Tyrone Mears,Right-Back
England,England,1130000.0,2006,Lee Bowyer,Central Midfield
England,England,750000.0,2006,Jonathan Spector,Centre-Back
England,England,1250000.0,2006,Elliott Ward,Centre-Back
England,England,750000.0,2006,Stephen Bywater,Goalkeeper
England,England,650000.0,2006,Clive Clarke,Left-Back
England,England,600000.0,2006,Carl Fletcher,Defensive Midfield
England,England,1500000.0,2006,Ki-hyeon Seol,Right Winger
England,England,350000.0,2006,Sam Sodje,Centre-Back
England,England,3500000.0,2006,Claude Davis,Centre-Back
England,England,3450000.0,2006,Rob Hulse,Centre-Forward
England,England,1500000.0,2006,Colin Kazım-Richards,Centre-Forward
England,England,750000.0,2006,Mikele Leigertwood,Defensive Midfield
England,England,150000.0,2006,Ian Bennett,Goalkeeper
England,England,100000.0,2006,Simon Francis,Right-Back
England,England,2400000.0,2006,Danny Shittu,Centre-Back
England,England,2250000.0,2006,Damien Francis,Central Midfield
England,England,725000.0,2006,Tommy Smith,Centre-Forward
England,England,550000.0,2006,Laurén,Right-Back
England,England,275000.0,2006,Alex Song,Defensive Midfield
England,England,1500000.0,2006,David Jones,Central Midfield
England,England,2000000.0,2006,Javier Mascherano,Defensive Midfield
England,England,2250000.0,2006,Stephen Warnock,Left-Back
England,England,175000.0,2006,David Wheater,Centre-Back
England,England,750000.0,2006,Ben Thatcher,Left-Back
England,England,1500000.0,2006,Ben Alnwick,Goalkeeper
England,England,750000.0,2006,Márton Fülöp,Goalkeeper
England,England,13200000.0,2006,Ashley Young,Right-Back
England,France,2500000.0,2006,Milan Baros,Centre-Forward
England,England,525000.0,2006,Peter Whittingham,Central Midfield
England,England,3790000.0,2006,Madjid Bougherra,Centre-Back
England,England,750000.0,2006,Ben Thatcher,Left-Back
England,England,275000.0,2006,Alex Song,Defensive Midfield
England,England,60000.0,2006,Chris Dickson,Centre-Forward
England,England,1400000.0,2006,Djimi Traoré,Centre-Back
England,Denmark,600000.0,2006,Stephan Andersen,Goalkeeper
England,Norway,275000.0,2006,Ismaël Fofana,Centre-Forward
England,England,6800000.0,2006,Luís Boa Morte,Left Midfield
England,England,3200000.0,2006,David Dunn,Attacking Midfield
England,England,2250000.0,2006,Stephen Warnock,Left-Back
England,England,2300000.0,2006,Lucas Neill,Centre-Back
England,England,900000.0,2006,Jay McEveley,Centre-Back
England,England,210000.0,2006,Joe Garner,Centre-Forward
England,England,1400000.0,2006,Djimi Traoré,Centre-Back
England,England,550000.0,2006,Laurén,Right-Back
England,England,750000.0,2006,Caleb Folan,Centre-Forward
England,England,450000.0,2006,Carlo Nash,Goalkeeper
England,England,900000.0,2006,Gary Teale,Right Winger
England,England,300000.0,2006,David Wright,Defensive Midfield
England,England,12600000.0,2006,Matthew Upson,Centre-Back
England,England,6800000.0,2006,Luís Boa Morte,Left Midfield
England,England,4200000.0,2006,Calum Davenport,Centre-Back
England,England,2300000.0,2006,Lucas Neill,Centre-Back
England,England,2250000.0,2006,Nigel Quashie,Central Midfield
England,England,2000000.0,2006,Javier Mascherano,Defensive Midfield
England,England,1500000.0,2006,Tyrone Mears,Right-Back
England,England,4500000.0,2006,Greg Halford,Centre-Back
England,England,1500000.0,2006,Michael Duberry,Centre-Back
England,England,3800000.0,2006,Matthew Kilgallon,Centre-Back
England,England,1130000.0,2006,Jon Stead,Centre-Forward
England,England,1130000.0,2006,Paul Ifill,Right Winger
England,England,1100000.0,2006,Ade Akinbiyi,Centre-Forward
England,England,750000.0,2006,Steve Kabba,Centre-Forward
England,England,250000.0,2006,Kevan Hurst,Right Midfield
England,England,1250000.0,2006,Gareth Williams,Central Midfield
England,England,1000000.0,2006,Will Hoskins,Centre-Forward
England,England,750000.0,2006,Steve Kabba,Centre-Forward
England,England,500000.0,2006,Lee Williamson,Central Midfield
England,England,13200000.0,2006,Ashley Young,Right-Back
England,England,300000.0,2006,Matthew Spring,Central Midfield
England,England,12700000.0,2007,Carlos Tevez,Centre-Forward
England,England,38000000.0,2008,Dimitar Berbatov,Centre-Forward
England,Spain,5000000.0,2008,Gerard Piqué,Centre-Back
England,England,1500000.0,2008,Chris Eagles,Right Winger
England,England,950000.0,2008,Mikaël Silvestre,Left-Back
England,England,11250000.0,2008,Shaun Wright-Phillips,Right Winger
England,England,6400000.0,2008,Tal Ben Haim,Centre-Back
England,England,6300000.0,2008,Steve Sidwell,Central Midfield
England,Germany,5000000.0,2008,Khalid Boulahrouz,Centre-Back
England,Germany,2000000.0,2008,Claudio Pizarro,Centre-Forward
England,Ukraine,600000.0,2008,Alcides,Centre-Back
England,England,6400000.0,2008,Aaron Ramsey,Central Midfield
England,England,950000.0,2008,Mikaël Silvestre,Left-Back
England,Spain,17000000.0,2008,Aleksandr Hleb,Attacking Midfield
England,England,3800000.0,2008,Justin Hoyte,Right-Back
England,Greece,2500000.0,2008,Gilberto Silva,Defensive Midfield
England,Italy,2500000.0,2008,Philippe Senderos,Centre-Back
England,England,24000000.0,2008,Robbie Keane,Centre-Forward
England,England,13700000.0,2008,Peter Crouch,Centre-Forward
England,Italy,5500000.0,2008,John Arne Riise,Left-Back
England,England,4300000.0,2008,Danny Guthrie,Central Midfield
England,England,4000000.0,2008,Scott Carson,Goalkeeper
England,France,1500000.0,2008,Anthony Le Tallec,Centre-Forward
England,Greece,750000.0,2008,Sebastián Leto,Left Winger
England,England,13300000.0,2008,Andy Johnson,Centre-Forward
England,England,10000000.0,2008,Curtis Davies,Centre-Back
England,England,6300000.0,2008,Steve Sidwell,Central Midfield
England,England,4400000.0,2008,Nicky Shorey,Left-Back
England,England,3000000.0,2008,Luke Young,Right-Back
England,England,2500000.0,2008,Brad Friedel,Goalkeeper
England,England,3750000.0,2008,Luke Moore,Centre-Forward
England,Scotland,3100000.0,2008,Shaun Maloney,Attacking Midfield
England,England,4400000.0,2008,Paul Robinson,Goalkeeper
England,England,930000.0,2008,Keith Andrews,Central Midfield
England,England,150000.0,2008,Mark Bunn,Goalkeeper
England,England,22000000.0,2008,David Bentley,Right Midfield
England,England,2500000.0,2008,Brad Friedel,Goalkeeper
England,England,900000.0,2008,Eddie Nolan,Centre-Back
England,England,13700000.0,2008,Peter Crouch,Centre-Forward
England,England,6250000.0,2008,Younès Kaboul,Centre-Back
England,Italy,14000000.0,2008,Sulley Muntari,Central Midfield
England,Scotland,3750000.0,2008,Pedro Mendes,Central Midfield
England,England,11250000.0,2008,Shaun Wright-Phillips,Right Winger
England,England,6400000.0,2008,Tal Ben Haim,Centre-Back
England,England,13750000.0,2008,Vedran Corluka,Centre-Back
England,Italy,7000000.0,2008,Rolando Bianchi,Centre-Forward
England,Netherlands,2800000.0,2008,Andreas Isaksson,Goalkeeper
England,Scotland,2500000.0,2008,Georgios Samaras,Left Winger
England,England,450000.0,2008,Matt Mills,Centre-Back
England,England,10000000.0,2008,Anton Ferdinand,Centre-Back
England,England,5500000.0,2008,George McCartney,Left-Back
England,England,4100000.0,2008,Bobby Zamora,Centre-Forward
England,England,3800000.0,2008,John Paintsil,Right-Back
England,England,630000.0,2008,Richard Wright,Goalkeeper
England,England,22000000.0,2008,David Bentley,Right Midfield
England,England,13750000.0,2008,Vedran Corluka,Centre-Back
England,England,2000000.0,2008,John Bostock,Central Midfield
England,England,38000000.0,2008,Dimitar Berbatov,Centre-Forward
England,England,24000000.0,2008,Robbie Keane,Centre-Forward
England,England,6250000.0,2008,Younès Kaboul,Centre-Back
England,England,5000000.0,2008,Steed Malbranque,Central Midfield
England,England,4400000.0,2008,Paul Robinson,Goalkeeper
England,England,3200000.0,2008,Pascal Chimbonda,Right-Back
England,England,3200000.0,2008,Anthony Gardner,Centre-Back
England,England,3000000.0,2008,Teemu Tainio,Defensive Midfield
England,Germany,500000.0,2008,Young-pyo Lee,Left-Back
England,England,400000.0,2008,Tommy Forecast,Goalkeeper
England,England,4300000.0,2008,Danny Guthrie,Central Midfield
England,Türkiye,4500000.0,2008,Emre Belözoğlu,Central Midfield
England,Italy,3600000.0,2008,David Rozehnal,Centre-Back
England,England,2900000.0,2008,Abdoulaye Faye,Centre-Back
England,England,3800000.0,2008,Justin Hoyte,Right-Back
England,England,4400000.0,2008,Lee Cattermole,Defensive Midfield
England,England,3000000.0,2008,Luke Young,Right-Back
England,England,1200000.0,2008,George Boateng,Defensive Midfield
England,England,120000.0,2008,Tom Craddock,Centre-Forward
England,England,4400000.0,2008,Lee Cattermole,Defensive Midfield
England,England,4400000.0,2008,Olivier Kapo,Attacking Midfield
England,England,2600000.0,2008,David Cotterill,Right Winger
England,Türkiye,1000000.0,2008,Julius Aghahowa,Centre-Forward
England,Netherlands,1000000.0,2008,Andreas Granqvist,Centre-Back
England,England,10000000.0,2008,Anton Ferdinand,Centre-Back
England,England,5500000.0,2008,George McCartney,Left-Back
England,England,5000000.0,2008,Steed Malbranque,Central Midfield
England,England,3200000.0,2008,Pascal Chimbonda,Right-Back
England,England,3200000.0,2008,El-Hadji Diouf,Centre-Forward
England,England,3000000.0,2008,Teemu Tainio,Defensive Midfield
England,England,1500000.0,2008,David Healy,Centre-Forward
England,England,3000000.0,2008,Danny Higginbotham,Centre-Back
England,England,1850000.0,2008,Dickson Etuhu,Defensive Midfield
England,England,6400000.0,2008,Fabrice Muamba,Central Midfield
England,England,2400000.0,2008,Danny Shittu,Centre-Back
England,England,3200000.0,2008,El-Hadji Diouf,Centre-Forward
England,England,2600000.0,2008,Abdoulaye Méïté,Centre-Back
England,England,13300000.0,2008,Andy Johnson,Centre-Forward
England,England,4100000.0,2008,Bobby Zamora,Centre-Forward
England,England,3800000.0,2008,John Paintsil,Right-Back
England,England,1850000.0,2008,Dickson Etuhu,Defensive Midfield
England,England,400000.0,2008,Julian Gray,Centre-Forward
England,England,400000.0,2008,David Stockdale,Goalkeeper
England,Scotland,3800000.0,2008,Steven Davis,Central Midfield
England,England,1500000.0,2008,David Healy,Centre-Forward
England,England,1280000.0,2008,Lee Cook,Left Winger
England,England,900000.0,2008,Dejan Stefanovic,Centre-Back
England,England,650000.0,2008,Gabriel Zakuani,Centre-Back
England,Portugal,150000.0,2008,Ricardo Batista,Goalkeeper
England,England,100000.0,2008,Nathan Ashton,Left-Back
England,England,4000000.0,2008,Scott Carson,Goalkeeper
England,England,3750000.0,2008,Luke Moore,Centre-Forward
England,England,2600000.0,2008,Abdoulaye Méïté,Centre-Back
England,England,10000000.0,2008,Curtis Davies,Centre-Back
England,England,7000000.0,2008,Dave Kitson,Centre-Forward
England,England,3800000.0,2008,Seyi Olofinjana,Central Midfield
England,England,3000000.0,2008,Ibrahima Sonko,Centre-Back
England,England,3000000.0,2008,Michael Tonge,Central Midfield
England,England,3000000.0,2008,Danny Higginbotham,Centre-Back
England,England,2900000.0,2008,Abdoulaye Faye,Centre-Back
England,England,1900000.0,2008,Andrew Davies,Centre-Back
England,England,1900000.0,2008,Tom Soares,Central Midfield
England,England,450000.0,2008,Amdy Faye,Defensive Midfield
England,England,100000.0,2008,Lewis Buxton,Right-Back
England,Scotland,65000.0,2008,Adam Rooney,Centre-Forward
England,England,3200000.0,2008,Anthony Gardner,Centre-Back
England,England,2500000.0,2008,Péter Halmosi,Left Midfield
England,England,1200000.0,2008,George Boateng,Defensive Midfield
England,England,195000.0,2008,Mark Oxley,Goalkeeper
England,England,250000.0,2008,Ritchie De Laet,Right-Back
England,England,13000000.0,2008,Wayne Bridge,Left-Back
England,England,16700000.0,2008,Robbie Keane,Centre-Forward
England,England,3700000.0,2008,Emile Heskey,Centre-Forward
England,England,670000.0,2008,Wayne Routledge,Left Winger
England,England,2200000.0,2008,El-Hadji Diouf,Centre-Forward
England,Czech Republic,600000.0,2008,Sergio Peter,Left Midfield
England,Greece,500000.0,2008,Matt Derbyshire,Centre-Forward
England,England,2300000.0,2008,Hayden Mullins,Defensive Midfield
England,Spain,20000000.0,2008,Lassana Diarra,Defensive Midfield
England,England,16399999.999999998,2008,Jermain Defoe,Centre-Forward
England,England,15500000.0,2008,Craig Bellamy,Left Winger
England,England,13000000.0,2008,Wayne Bridge,Left-Back
England,England,9000000.0,2008,Shay Given,Goalkeeper
England,England,15500000.0,2008,Craig Bellamy,Left Winger
England,England,3000000.0,2008,Matthew Etherington,Left Midfield
England,England,2300000.0,2008,Hayden Mullins,Defensive Midfield
England,Spain,1500000.0,2008,Julien Faubert,Right-Back
England,England,16700000.0,2008,Robbie Keane,Centre-Forward
England,England,16399999.999999998,2008,Jermain Defoe,Centre-Forward
England,England,15000000.0,2008,Wilson Palacios,Defensive Midfield
England,England,3200000.0,2008,Pascal Chimbonda,Right-Back
England,Germany,100000.0,2008,Kevin-Prince Boateng,Attacking Midfield
England,England,4500000.0,2008,Kevin Nolan,Attacking Midfield
England,England,300000.0,2008,Ryan Taylor,Right-Back
England,England,9000000.0,2008,Shay Given,Goalkeeper
England,England,6400000.0,2008,Charles N'Zogbia,Right Winger
England,England,6400000.0,2008,Charles N'Zogbia,Right Winger
England,England,2100000.0,2008,Ben Watson,Central Midfield
England,England,15000000.0,2008,Wilson Palacios,Defensive Midfield
England,England,3700000.0,2008,Emile Heskey,Centre-Forward
England,England,550000.0,2008,Kevin Kilbane,Left Midfield
England,England,300000.0,2008,Ryan Taylor,Right-Back
England,England,3200000.0,2008,Pascal Chimbonda,Right-Back
England,England,2200000.0,2008,El-Hadji Diouf,Centre-Forward
England,Norway,800000.0,2008,Rade Prica,Centre-Forward
England,England,100000.0,2008,Liam Miller,Central Midfield
England,England,600000.0,2008,Mark Davies,Central Midfield
England,England,4500000.0,2008,Kevin Nolan,Attacking Midfield
England,England,450000.0,2008,Heidar Helguson,Centre-Forward
England,Poland,125000.0,2008,Jaroslaw Fojut,Centre-Back
England,England,5300000.0,2008,Jimmy Bullard,Central Midfield
England,Germany,2500000.0,2008,Leon Andreasen,Central Midfield
England,England,150000.0,2008,Bruno Luz,Right Winger
England,Poland,250000.0,2008,Bartosz Slusarski,Centre-Forward
England,England,4000000.0,2008,James Beattie,Centre-Forward
England,England,3000000.0,2008,Matthew Etherington,Left Midfield
England,Norway,350000.0,2008,Demar Phillips,Left-Back
England,England,250000.0,2008,Ritchie De Laet,Right-Back
England,England,5300000.0,2008,Jimmy Bullard,Central Midfield
England,England,550000.0,2008,Kevin Kilbane,Left Midfield
England,England,18800000.0,2009,Antonio Valencia,Right-Back
England,Spain,94000000.0,2009,Cristiano Ronaldo,Centre-Forward
England,England,4100000.0,2009,Fraizer Campbell,Centre-Forward
England,Spain,2750000.0,2009,Manucho,Centre-Forward
England,England,2250000.0,2009,Lee Martin,Attacking Midfield
England,England,20500000.0,2009,Glen Johnson,Right-Back
England,Spain,34500000.0,2009,Xabi Alonso,Defensive Midfield
England,Spain,4000000.0,2009,Álvaro Arbeloa,Right-Back
England,Greece,4000000.0,2009,Sebastián Leto,Left Winger
England,Greece,300000.0,2009,Charles Itandje,Goalkeeper
England,England,7250000.0,2009,Daniel Sturridge,Centre-Forward
England,Spain,1000000.0,2009,Ben Sahar,Centre-Forward
England,Netherlands,800000.0,2009,Miroslav Stoch,Left Winger
England,England,29000000.0,2009,Emmanuel Adebayor,Centre-Forward
England,England,18700000.0,2009,Kolo Touré,Centre-Back
England,England,6500000.0,2009,Sylvain Distin,Centre-Back
England,England,27500000.0,2009,Joleon Lescott,Centre-Back
England,England,13000000.0,2009,Stewart Downing,Left Midfield
England,England,9500000.0,2009,Fabian Delph,Central Midfield
England,England,9000000.0,2009,Stephen Warnock,Left-Back
England,England,6800000.0,2009,Richard Dunne,Centre-Back
England,England,5700000.0,2009,James Collins,Centre-Back
England,England,2900000.0,2009,Habib Beye,Right-Back
England,England,13900000.0,2009,Gareth Barry,Defensive Midfield
England,England,4700000.0,2009,Zat Knight,Centre-Back
England,England,4000000.0,2009,Damien Duff,Right Midfield
England,England,30000.0,2009,Stefan Payne,Centre-Forward
England,England,10500000.0,2009,Peter Crouch,Centre-Forward
England,England,9300000.0,2009,Sébastien Bassong,Centre-Back
England,England,5900000.0,2009,Kyle Naughton,Right-Back
England,England,5900000.0,2009,Kyle Walker,Right-Back
England,England,2800000.0,2009,Niko Kranjcar,Attacking Midfield
England,England,11800000.0,2009,Darren Bent,Centre-Forward
England,Spain,9000000.0,2009,Didier Zokora,Defensive Midfield
England,England,4500000.0,2009,Kevin-Prince Boateng,Attacking Midfield
England,England,1700000.0,2009,Pascal Chimbonda,Right-Back
England,England,29000000.0,2009,Carlos Tevez,Centre-Forward
England,Italy,6200000.0,2009,Savio Nsereko,Right Winger
England,England,5700000.0,2009,James Collins,Centre-Back
England,England,400000.0,2009,Kyel Reid,Left Winger
England,England,29000000.0,2009,Carlos Tevez,Centre-Forward
England,England,29000000.0,2009,Emmanuel Adebayor,Centre-Forward
England,England,27500000.0,2009,Joleon Lescott,Centre-Back
England,England,21200000.0,2009,Roque Santa Cruz,Centre-Forward
England,England,18700000.0,2009,Kolo Touré,Centre-Back
England,England,13900000.0,2009,Gareth Barry,Defensive Midfield
England,England,7250000.0,2009,Daniel Sturridge,Centre-Forward
England,Türkiye,7000000.0,2009,Elano,Attacking Midfield
England,England,6800000.0,2009,Richard Dunne,Centre-Back
England,France,3500000.0,2009,Gelson Fernandes,Defensive Midfield
England,England,3500000.0,2009,Ched Evans,Centre-Forward
England,England,1150000.0,2009,Joe Hart,Goalkeeper
England,England,2300000.0,2009,Jason Scotland,Centre-Forward
England,England,18800000.0,2009,Antonio Valencia,Right-Back
England,England,7000000.0,2009,Lee Cattermole,Defensive Midfield
England,England,7000000.0,2009,Robert Huth,Centre-Back
England,England,5700000.0,2009,Tuncay Şanlı,Left Winger
England,England,3500000.0,2009,Dean Whitehead,Central Midfield
England,England,3100000.0,2009,Danny Collins,Centre-Back
England,England,3500000.0,2009,Seyi Olofinjana,Central Midfield
England,England,4700000.0,2009,Zat Knight,Centre-Back
England,England,2400000.0,2009,Sam Ricketts,Right-Back
England,England,4500000.0,2009,Kevin-Prince Boateng,Attacking Midfield
England,England,2300000.0,2009,Mike Williamson,Centre-Back
England,England,2000000.0,2009,Tommy Smith,Centre-Forward
England,England,20500000.0,2009,Glen Johnson,Right-Back
England,England,10500000.0,2009,Peter Crouch,Centre-Forward
England,England,6500000.0,2009,Sylvain Distin,Centre-Back
England,England,2800000.0,2009,Niko Kranjcar,Attacking Midfield
England,England,1000000.0,2009,Martin Cranie,Centre-Back
England,England,1700000.0,2009,Pascal Chimbonda,Right-Back
England,England,21200000.0,2009,Roque Santa Cruz,Centre-Forward
England,England,9000000.0,2009,Stephen Warnock,Left-Back
England,England,850000.0,2009,Paul Gallagher,Central Midfield
England,England,11800000.0,2009,Darren Bent,Centre-Forward
England,England,7000000.0,2009,Lee Cattermole,Defensive Midfield
England,England,4500000.0,2009,Michael Turner,Centre-Back
England,England,4100000.0,2009,Fraizer Campbell,Centre-Forward
England,England,3500000.0,2009,Dean Whitehead,Central Midfield
England,England,3100000.0,2009,Danny Collins,Centre-Back
England,England,3000000.0,2009,Grant Leadbitter,Central Midfield
England,England,2400000.0,2009,Greg Halford,Centre-Back
England,England,1500000.0,2009,Carlos Edwards,Right-Back
England,Scotland,575000.0,2009,Anthony Stokes,Centre-Forward
England,England,4000000.0,2009,Stephen Hunt,Left Midfield
England,England,3500000.0,2009,Seyi Olofinjana,Central Midfield
England,England,4500000.0,2009,Michael Turner,Centre-Back
England,England,2400000.0,2009,Sam Ricketts,Right-Back
England,England,7600000.0,2009,Kevin Doyle,Centre-Forward
England,England,2400000.0,2009,Greg Halford,Centre-Back
England,England,1400000.0,2009,Andrew Surman,Central Midfield
England,England,400000.0,2009,Darren Potter,Central Midfield
England,England,240000.0,2009,Neill Collins,Centre-Back
England,England,230000.0,2009,Elliott Bennett,Right Midfield
England,England,5900000.0,2009,Roger Johnson,Centre-Back
England,England,4000000.0,2009,Scott Dann,Centre-Back
England,England,1150000.0,2009,Joe Hart,Goalkeeper
England,England,3250000.0,2009,André Bikey,Centre-Back
England,England,590000.0,2009,Tyrone Mears,Right-Back
England,England,350000.0,2009,David Edgar,Centre-Back
England,Germany,90000.0,2009,Besart Berisha,Centre-Forward
England,Germany,500000.0,2009,Zoran Tosic,Right Winger
England,Italy,3750000.0,2009,Andrea Dossena,Left Midfield
England,Russia,2000000.0,2009,Andriy Voronin,Second Striker
England,Türkiye,840000.0,2009,Lucas Neill,Centre-Back
England,England,3500000.0,2009,Craig Gardner,Central Midfield
England,England,5900000.0,2009,Younès Kaboul,Centre-Back
England,Scotland,1200000.0,2009,Robbie Keane,Centre-Forward
England,Czech Republic,800000.0,2009,Tomas Pekhart,Centre-Forward
England,Türkiye,700000.0,2009,Giovani dos Santos,Second Striker
England,England,2600000.0,2009,Benni McCarthy,Centre-Forward
England,England,8000000.0,2009,Adam Johnson,Right Winger
England,England,3000000.0,2009,Victor Moses,Right Winger
England,Israel,180000.0,2009,Daniël de Ridder,Left Winger
England,England,3750000.0,2009,Asmir Begovic,Goalkeeper
England,England,1800000.0,2009,Leon Cort,Centre-Back
England,England,5900000.0,2009,Younès Kaboul,Centre-Back
England,England,3750000.0,2009,Asmir Begovic,Goalkeeper
England,England,1100000.0,2009,Mike Williamson,Centre-Back
England,England,2600000.0,2009,Benni McCarthy,Centre-Forward
England,England,2300000.0,2009,Matthew Kilgallon,Centre-Back
England,Greece,200000.0,2009,Daniel Cousin,Centre-Forward
England,England,3500000.0,2009,Craig Gardner,Central Midfield
England,England,400000.0,2009,Krystian Pearce,Centre-Back
England,England,1800000.0,2009,Leon Cort,Centre-Back
England,England,9700000.0,2010,Stephen Ireland,Attacking Midfield
England,England,22000000.0,2010,James Milner,Central Midfield
England,England,1800000.0,2010,Nicky Shorey,Left-Back
England,England,1500000.0,2010,DJ Campbell,Centre-Forward
England,England,1400000.0,2010,Chris Basham,Centre-Back
England,England,625000.0,2010,Craig Cathcart,Centre-Back
England,England,400000.0,2010,Matt Phillips,Right Winger
England,England,700000.0,2010,Ben Burgess,Centre-Forward
England,England,2400000.0,2010,Franco Di Santo,Centre-Forward
England,England,1200000.0,2010,Jason Scotland,Centre-Forward
England,England,1200000.0,2010,Titus Bramble,Centre-Back
England,England,8000000.0,2010,Chris Smalling,Centre-Back
England,Russia,9500000.0,2010,Zoran Tosic,Right Winger
England,England,7000000.0,2010,Ben Foster,Goalkeeper
England,England,1800000.0,2010,Nicky Shorey,Left-Back
England,England,1800000.0,2010,Boaz Myhill,Goalkeeper
England,England,300000.0,2010,Craig Dawson,Centre-Back
England,England,8000000.0,2010,Chris Smalling,Centre-Back
England,England,4200000.0,2010,Paul Konchesky,Left-Back
England,Cyprus,250000.0,2010,Bruno Luz,Right Winger
England,England,1200000.0,2010,James Perch,Centre-Back
England,Scotland,750000.0,2010,Fraser Forster,Goalkeeper
England,England,7000000.0,2010,Yossi Benayoun,Right Winger
England,Spain,8000000.0,2010,Ricardo Carvalho,Centre-Back
England,Türkiye,5500000.0,2010,Miroslav Stoch,Left Winger
England,England,2400000.0,2010,Franco Di Santo,Centre-Forward
England,England,600000.0,2010,Scott Sinclair,Left Winger
England,England,7200000.0,2010,Steven Fletcher,Centre-Forward
England,England,3600000.0,2010,Stephen Hunt,Left Midfield
England,England,3000000.0,2010,Steven Mouyokolo,Centre-Back
England,England,1680000.0,2010,Andrew Surman,Central Midfield
England,England,785000.0,2010,Jason Shackell,Centre-Back
England,England,475000.0,2010,Chris Iwelumo,Centre-Forward
England,England,9700000.0,2010,Kenwyne Jones,Centre-Forward
England,England,3600000.0,2010,Marc Wilson,Centre-Back
England,England,3300000.0,2010,Jonathan Walters,Right Winger
England,Scotland,1800000.0,2010,James Beattie,Centre-Forward
England,Ukraine,7200000.0,2010,Eduardo,Centre-Forward
England,Italy,500000.0,2010,Armand Traoré,Left-Back
England,Italy,2200000.0,2010,Alessandro Diamanti,Attacking Midfield
England,Italy,750000.0,2010,Fabio Daprelà,Centre-Back
England,England,245000.0,2010,Tom Eaves,Centre-Forward
England,England,1400000.0,2010,Chris Basham,Centre-Back
England,England,7000000.0,2010,Ben Foster,Goalkeeper
England,England,1200000.0,2010,Titus Bramble,Centre-Back
England,England,9700000.0,2010,Kenwyne Jones,Centre-Forward
England,Türkiye,4500000.0,2010,Lorik Cana,Defensive Midfield
England,Scotland,1700000.0,2010,Daryl Murphy,Centre-Forward
England,England,425000.0,2010,Márton Fülöp,Goalkeeper
England,England,22000000.0,2010,James Milner,Central Midfield
England,Italy,21000000.0,2010,Robinho,Left Winger
England,England,9700000.0,2010,Stephen Ireland,Attacking Midfield
England,Italy,2500000.0,2010,Javier Garrido,Left-Back
England,Scotland,600000.0,2010,Vladimír Weiss,Left Winger
England,England,235000.0,2010,Kyle Walker,Right-Back
England,England,4200000.0,2010,Paul Konchesky,Left-Back
England,England,2800000.0,2010,Brad Jones,Goalkeeper
England,England,2000000.0,2010,Jonjo Shelvey,Central Midfield
England,Spain,20000000.0,2010,Javier Mascherano,Defensive Midfield
England,England,7000000.0,2010,Yossi Benayoun,Right Winger
England,Greece,6000000.0,2010,Albert Riera,Left Midfield
England,Netherlands,1500000.0,2010,Nikolay Mihaylov,Goalkeeper
England,Greece,1200000.0,2010,Krisztián Németh,Centre-Forward
England,Greece,800000.0,2010,Damien Plessis,Defensive Midfield
England,Türkiye,750000.0,2010,Emiliano Insúa,Left-Back
England,Greece,250000.0,2010,Nabil El Zhar,Right Winger
England,England,600000.0,2010,John Ruddy,Goalkeeper
England,England,600000.0,2010,Lukas Jutkiewicz,Centre-Forward
England,Türkiye,600000.0,2010,Joseph Yobo,Centre-Back
England,England,8000000.0,2011,Roger Johnson,Centre-Back
England,England,3750000.0,2011,Jamie O'Hara,Central Midfield
England,Austria,1150000.0,2011,Stefan Maierhofer,Centre-Forward
England,England,180000.0,2011,Scott Malone,Left-Back
England,England,3900000.0,2011,Danny Graham,Centre-Forward
England,England,3250000.0,2011,Wayne Routledge,Left Winger
England,England,2000000.0,2011,Leroy Lita,Centre-Forward
England,England,285000.0,2011,Ryan Harley,Central Midfield
England,England,170000.0,2011,Shaun MacDonald,Central Midfield
England,England,3150000.0,2011,Steve Morison,Centre-Forward
England,England,2300000.0,2011,James Vaughan,Centre-Forward
England,England,2250000.0,2011,Anthony Pilkington,Left Winger
England,England,1700000.0,2011,Elliott Bennett,Right Midfield
England,England,900000.0,2011,Daniel Ayala,Centre-Back
England,England,450000.0,2011,Cody McDonald,Centre-Forward
England,England,50000.0,2011,Luke Daley,Left Winger
England,England,10800000.0,2011,Charles N'Zogbia,Right Winger
England,Spain,285000.0,2011,Antonio Amaya,Centre-Back
England,Argentina,200000.0,2011,Mauro Boselli,Centre-Forward
England,England,4500000.0,2011,Shaun Wright-Phillips,Right Winger
England,England,2000000.0,2011,DJ Campbell,Centre-Forward
England,England,1350000.0,2011,Armand Traoré,Left-Back
England,England,1130000.0,2011,Anton Ferdinand,Centre-Back
England,England,1130000.0,2011,Luke Young,Right-Back
England,England,225000.0,2011,Jason Puncheon,Central Midfield
England,England,1000000.0,2011,Kaspars Gorkss,Centre-Back
England,England,19300000.0,2011,Phil Jones,Centre-Back
England,England,18000000.0,2011,Ashley Young,Right-Back
England,England,4500000.0,2011,John O'Shea,Centre-Back
England,England,3400000.0,2011,Gabriel Obertan,Right Winger
England,England,1500000.0,2011,Wes Brown,Centre-Back
England,Türkiye,1000000.0,2011,Bebé,Left Winger
England,England,95000.0,2011,Joe Dudgeon,Left-Back
England,England,5100000.0,2011,Shane Long,Centre-Forward
England,England,1100000.0,2011,Ben Foster,Goalkeeper
England,Türkiye,2200000.0,2011,Scott Carson,Goalkeeper
England,England,1350000.0,2011,Ishmael Miller,Centre-Forward
England,Türkiye,1000000.0,2011,Marek Cech,Left-Back
England,England,570000.0,2011,Pablo Ibáñez,Centre-Back
England,England,700000.0,2011,Jonathan Greening,Central Midfield
England,England,670000.0,2011,Kagisho Dikgacoi,Central Midfield
England,England,3400000.0,2011,Gabriel Obertan,Right Winger
England,England,800000.0,2011,Demba Ba,Centre-Forward
England,England,150000.0,2011,Rob Elliot,Goalkeeper
England,England,8000000.0,2011,José Enrique,Left-Back
England,England,3400000.0,2011,Kevin Nolan,Attacking Midfield
England,England,3250000.0,2011,Wayne Routledge,Left Winger
England,England,13500000.0,2011,Raúl Meireles,Central Midfield
England,Russia,15000000.0,2011,Yuriy Zhirkov,Left Midfield
England,Portugal,5000000.0,2011,Nemanja Matic,Defensive Midfield
England,Germany,2500000.0,2011,Michael Mancienne,Centre-Back
England,Germany,2000000.0,2011,Slobodan Rajković,Centre-Back
England,Spain,1200000.0,2011,Thibaut Courtois,Goalkeeper
England,Germany,500000.0,2011,Jeffrey Bruma,Centre-Back
England,Italy,360000.0,2011,Fabio Borini,Left Winger
England,England,13800000.0,2011,Alex Oxlade-Chamberlain,Central Midfield
England,England,12000000.0,2011,Mikel Arteta,Central Midfield
England,England,1130000.0,2011,Carl Jenkinson,Right-Back
England,Spain,34000000.0,2011,Cesc Fàbregas,Central Midfield
England,England,27500000.0,2011,Samir Nasri,Attacking Midfield
England,England,7750000.0,2011,Gaël Clichy,Left-Back
England,Türkiye,3500000.0,2011,Emmanuel Eboué,Right-Back
England,England,1350000.0,2011,Armand Traoré,Left-Back
England,England,1250000.0,2011,Jay Emmanuel-Thomas,Attacking Midfield
England,England,1000000.0,2011,Nicklas Bendtner,Centre-Forward
England,Brazil,400000.0,2011,Denílson,Defensive Midfield
England,Spain,340000.0,2011,Pedro Botelho,Left-Back
England,England,11300000.0,2011,Peter Crouch,Centre-Forward
England,England,9000000.0,2011,Wilson Palacios,Defensive Midfield
England,England,4500000.0,2011,Cameron Jerome,Centre-Forward
England,England,285000.0,2011,Carl Dickinson,Left-Back
England,England,10800000.0,2011,Charles N'Zogbia,Right Winger
England,England,4500000.0,2011,Alan Hutton,Right-Back
England,England,3750000.0,2011,Shay Given,Goalkeeper
England,England,1000000.0,2011,Jermaine Jenas,Central Midfield
England,England,22800000.0,2011,Stewart Downing,Left Midfield
England,England,18000000.0,2011,Ashley Young,Right-Back
England,Greece,1550000.0,2011,Jean Makoun,Defensive Midfield
England,England,1130000.0,2011,Luke Young,Right-Back
England,England,4500000.0,2011,David N'Gog,Centre-Forward
England,England,1700000.0,2011,Chris Eagles,Right Winger
England,England,1700000.0,2011,Tyrone Mears,Right-Back
England,England,2500000.0,2011,Matthew Taylor,Left Midfield
England,England,1130000.0,2011,Danny Ward,Centre-Forward
England,England,9000000.0,2011,Connor Wickham,Centre-Forward
England,England,6600000.0,2011,Craig Gardner,Central Midfield
England,England,4500000.0,2011,John O'Shea,Centre-Back
England,England,1500000.0,2011,Wes Brown,Centre-Back
England,England,1000000.0,2011,Nicklas Bendtner,Centre-Forward
England,England,18000000.0,2011,Jordan Henderson,Defensive Midfield
England,United Arab Emirates,7000000.0,2011,Asamoah Gyan,Centre-Forward
England,England,1130000.0,2011,Anton Ferdinand,Centre-Back
England,Türkiye,200000.0,2011,Cristian Riveros,Defensive Midfield
England,England,27500000.0,2011,Samir Nasri,Attacking Midfield
England,England,7750000.0,2011,Gaël Clichy,Left-Back
England,Germany,13500000.0,2011,Jérôme Boateng,Centre-Back
England,England,4500000.0,2011,Shaun Wright-Phillips,Right Winger
England,England,3750000.0,2011,Shay Given,Goalkeeper
England,England,2250000.0,2011,Emmanuel Adebayor,Centre-Forward
England,Spain,1500000.0,2011,Roque Santa Cruz,Centre-Forward
England,England,6800000.0,2011,Scott Dann,Centre-Back
England,England,1700000.0,2011,Yakubu Aiyegbeni,Centre-Forward
England,England,1250000.0,2011,Jordan Slew,Centre-Forward
England,England,19300000.0,2011,Phil Jones,Centre-Back
England,Ukraine,6000000.0,2011,Nikola Kalinić,Centre-Forward
England,England,5750000.0,2011,Scott Parker,Central Midfield
England,England,2250000.0,2011,Emmanuel Adebayor,Centre-Forward
England,England,11300000.0,2011,Peter Crouch,Centre-Forward
England,England,9000000.0,2011,Wilson Palacios,Defensive Midfield
England,England,4500000.0,2011,Alan Hutton,Right-Back
England,England,3750000.0,2011,Jamie O'Hara,Central Midfield
England,United States,3750000.0,2011,Robbie Keane,Centre-Forward
England,England,1000000.0,2011,Jermaine Jenas,Central Midfield
England,Belgium,400000.0,2011,Paul-José Mpoku,Attacking Midfield
England,England,22800000.0,2011,Stewart Downing,Left Midfield
England,England,18000000.0,2011,Jordan Henderson,Defensive Midfield
England,England,8400000.0,2011,Charlie Adam,Central Midfield
England,England,8000000.0,2011,José Enrique,Left-Back
England,England,13500000.0,2011,Raúl Meireles,Central Midfield
England,England,4500000.0,2011,David N'Gog,Centre-Forward
England,England,1700000.0,2011,Paul Konchesky,Left-Back
England,Portugal,1500000.0,2011,Emiliano Insúa,Left-Back
England,Belgium,800000.0,2011,Milan Jovanovic,Left Winger
England,England,12000000.0,2011,Mikel Arteta,Central Midfield
England,England,3400000.0,2011,Jermaine Beckford,Centre-Forward
England,England,2300000.0,2011,James Vaughan,Centre-Forward
England,England,1700000.0,2011,Yakubu Aiyegbeni,Centre-Forward
England,England,275000.0,2011,Andy Keogh,Centre-Forward
England,England,240000.0,2011,Curtis Obeng,Right-Back
England,England,3850000.0,2011,Ryan Bennett,Centre-Back
England,England,1100000.0,2011,Jonathan Howson,Central Midfield
England,England,4700000.0,2011,Jean Beausejour,Left-Back
England,England,5800000.0,2011,Bobby Zamora,Centre-Forward
England,England,4700000.0,2011,Nedum Onuoha,Centre-Back
England,England,1800000.0,2011,Bradley Orr,Right-Back
England,Germany,1800000.0,2011,Mame Diouf,Centre-Forward
England,England,600000.0,2011,Darron Gibson,Central Midfield
England,England,2400000.0,2011,Liam Ridgewell,Centre-Back
England,England,58000.0,2011,Keith Andrews,Central Midfield
England,England,600000.0,2011,Ryan Williams,Right Midfield
England,England,5800000.0,2011,Bobby Zamora,Centre-Forward
England,England,8400000.0,2011,Gary Cahill,Centre-Back
England,England,1800000.0,2011,Patrick Bamford,Centre-Forward
England,France,5000000.0,2011,Alex,Centre-Back
England,Russia,1200000.0,2011,Andrey Arshavin,Left Winger
England,England,1100000.0,2011,Ben Marshall,Right Midfield
England,England,270000.0,2011,Shane Lowry,Centre-Back
England,England,3600000.0,2011,Marvin Sordell,Centre-Forward
England,England,8400000.0,2011,Gary Cahill,Centre-Back
England,England,4700000.0,2011,Nedum Onuoha,Centre-Back
England,England,1800000.0,2011,Bradley Orr,Right-Back
England,Russia,14000000.0,2011,Christopher Samba,Centre-Back
England,England,595000.0,2011,Jason Roberts,Centre-Forward
England,England,58000.0,2011,Keith Andrews,Central Midfield
England,Russia,9000000.0,2011,Roman Pavlyuchenko,Centre-Forward
England,Germany,550000.0,2011,Vedran Corluka,Centre-Back
England,England,125000.0,2011,Danny Ward,Goalkeeper
England,England,600000.0,2011,Darron Gibson,Central Midfield
England,Russia,6700000.0,2011,Diniyar Bilyaletdinov,Attacking Midfield
England,England,11500000.0,2012,Victor Moses,Right Winger
England,Türkiye,10000000.0,2012,Raúl Meireles,Central Midfield
England,Germany,450000.0,2012,Kevin De Bruyne,Attacking Midfield
England,England,19000000.0,2012,Joe Allen,Central Midfield
England,England,7800000.0,2012,Scott Sinclair,Left Winger
England,England,30700000.0,2012,Robin van Persie,Centre-Forward
England,England,7500000.0,2012,Nick Powell,Attacking Midfield
England,England,5000000.0,2012,Dimitar Berbatov,Centre-Forward
England,England,3100000.0,2012,Ji-sung Park,Attacking Midfield
England,England,1250000.0,2012,Ritchie De Laet,Right-Back
England,England,2500000.0,2012,Simon Cox,Centre-Forward
England,England,5000000.0,2012,Dimitar Berbatov,Centre-Forward
England,England,2500000.0,2012,Kieran Richardson,Left-Back
England,England,19000000.0,2012,Mousa Dembélé,Central Midfield
England,England,7500000.0,2012,Clint Dempsey,Second Striker
England,England,1900000.0,2012,Dickson Etuhu,Defensive Midfield
England,Belgium,780000.0,2012,Marcel Gecov,Central Midfield
England,England,1250000.0,2012,Gaël Bigirimana,Defensive Midfield
England,England,3800000.0,2012,Leon Best,Centre-Forward
England,England,30700000.0,2012,Robin van Persie,Centre-Forward
England,Spain,19000000.0,2012,Alex Song,Defensive Midfield
England,England,1250000.0,2012,Henri Lansbury,Central Midfield
England,Spain,500000.0,2012,Chu-young Park,Centre-Forward
England,England,3750000.0,2012,Matthew Lowton,Right-Back
England,England,3150000.0,2012,Joe Bennett,Left-Back
England,England,2500000.0,2012,Ashley Westwood,Defensive Midfield
England,England,630000.0,2012,Jordan Bowery,Right-Back
England,England,3200000.0,2012,James Collins,Centre-Back
England,England,9500000.0,2012,Matt Jarvis,Left Winger
England,England,3200000.0,2012,James Collins,Centre-Back
England,England,1250000.0,2012,Andy Carroll,Centre-Forward
England,England,745000.0,2012,Stephen Henderson,Goalkeeper
England,England,3150000.0,2012,Nicky Maynard,Centre-Forward
England,England,1900000.0,2012,Sam Baldock,Centre-Forward
England,England,15200000.0,2012,Steven Fletcher,Centre-Forward
England,England,12600000.0,2012,Adam Johnson,Right Winger
England,England,2500000.0,2012,Kieran Richardson,Left-Back
England,England,1900000.0,2012,Michael Turner,Centre-Back
England,England,15000000.0,2012,Jack Rodwell,Centre-Back
England,England,7800000.0,2012,Scott Sinclair,Left Winger
England,England,12600000.0,2012,Adam Johnson,Right Winger
England,Italy,3500000.0,2012,Nigel de Jong,Defensive Midfield
England,Italy,1800000.0,2012,Vladimír Weiss,Left Winger
England,England,8650000.0,2012,Jay Rodríguez,Centre-Forward
England,England,3200000.0,2012,Nathaniel Clyne,Right-Back
England,England,3150000.0,2012,Paulo Gazzaniga,Goalkeeper
England,England,19000000.0,2012,Mousa Dembélé,Central Midfield
England,England,7500000.0,2012,Clint Dempsey,Second Striker
England,Spain,35000000.0,2012,Luka Modrić,Central Midfield
England,Germany,13000000.0,2012,Rafael van der Vaart,Attacking Midfield
England,Ukraine,7000000.0,2012,Niko Kranjcar,Attacking Midfield
England,Russia,7000000.0,2012,Vedran Corluka,Centre-Back
England,England,3000000.0,2012,Sébastien Bassong,Centre-Back
England,Spain,1000000.0,2012,Giovani dos Santos,Second Striker
England,England,630000.0,2012,David Button,Goalkeeper
England,England,19000000.0,2012,Joe Allen,Central Midfield
England,England,6200000.0,2012,Charlie Adam,Central Midfield
England,Italy,2000000.0,2012,Alberto Aquilani,Central Midfield
England,England,1250000.0,2012,Andy Carroll,Centre-Forward
England,Türkiye,1000000.0,2012,Dirk Kuyt,Right Winger
England,England,15000000.0,2012,Jack Rodwell,Centre-Back
England,United States,1250000.0,2012,Tim Cahill,Attacking Midfield
England,England,3200000.0,2012,Robert Snodgrass,Right Winger
England,England,3000000.0,2012,Sébastien Bassong,Centre-Back
England,England,1900000.0,2012,Michael Turner,Centre-Back
England,England,1250000.0,2012,Mark Bunn,Goalkeeper
England,England,380000.0,2012,Andrew Crofts,Central Midfield
England,England,6200000.0,2012,Charlie Adam,Central Midfield
England,England,4400000.0,2012,Steven Nzonzi,Defensive Midfield
England,England,3500000.0,2012,Michael Kightly,Left Winger
England,England,640000.0,2012,Danny Collins,Centre-Back
England,England,11500000.0,2012,Victor Moses,Right Winger
England,England,1500000.0,2012,Conor Sammon,Centre-Forward
England,England,3750000.0,2012,Junior Hoilett,Left Winger
England,England,3100000.0,2012,Ji-sung Park,Attacking Midfield
England,England,635000.0,2012,Matthew Connolly,Centre-Back
England,England,500000.0,2012,Paddy Kenny,Goalkeeper
England,England,375000.0,2012,Tommy Smith,Centre-Forward
England,England,3800000.0,2012,Adrian Mariappa,Centre-Back
England,England,3000000.0,2012,Chris Gunter,Right-Back
England,England,900000.0,2012,Michail Antonio,Centre-Forward
England,England,8500000.0,2012,Demba Ba,Centre-Forward
England,England,15000000.0,2012,Daniel Sturridge,Centre-Forward
England,England,5800000.0,2012,Danny Graham,Centre-Forward
England,Germany,300000.0,2012,Federico Macheda,Centre-Forward
England,England,1230000.0,2012,Chris Wood,Centre-Forward
England,England,1500000.0,2012,Stephen Kelly,Right-Back
England,England,240000.0,2012,David Stockdale,Goalkeeper
England,England,8500000.0,2012,Demba Ba,Centre-Forward
England,Germany,400000.0,2012,Johan Djourou,Centre-Back
England,England,5800000.0,2012,Danny Graham,Centre-Forward
England,England,1800000.0,2012,David Meyler,Central Midfield
England,England,775000.0,2012,Fraizer Campbell,Centre-Forward
England,Germany,50000.0,2012,Dong-won Ji,Centre-Forward
England,Italy,20000000.0,2012,Mario Balotelli,Centre-Forward
England,Germany,400000.0,2012,Heurelho Gomes,Goalkeeper
England,England,15000000.0,2012,Daniel Sturridge,Centre-Forward
England,England,3500000.0,2012,John Stones,Centre-Back
England,England,230000.0,2012,Luciano Becchio,Centre-Forward
England,Italy,250000.0,2012,Mauro Boselli,Centre-Forward
England,Qatar,2000000.0,2012,Djibril Cissé,Centre-Forward
England,Italy,1000000.0,2012,Alejandro Faurlín,Central Midfield
England,England,1500000.0,2012,Stephen Kelly,Right-Back
England,England,1400000.0,2012,Nick Blackman,Centre-Forward
England,England,370000.0,2012,Hope Akpan,Central Midfield
England,England,32400000.0,2013,Marouane Fellaini,Central Midfield
England,Italy,9000000.0,2013,Carlos Tevez,Centre-Forward
England,England,2300000.0,2013,Scott Sinclair,Left Winger
England,Netherlands,3500000.0,2013,Jeffrey Bruma,Centre-Back
England,England,3500000.0,2013,Romelu Lukaku,Centre-Forward
England,Italy,1500000.0,2013,Wallace Oliveira,Right-Back
England,England,1200000.0,2013,Victor Moses,Right Winger
England,Spain,1000000.0,2013,Oriol Romeu,Defensive Midfield
England,England,500000.0,2013,Semi Ajayi,Centre-Back
England,Italy,8000000.0,2013,Gervinho,Left Winger
England,England,2400000.0,2013,Vito Mannone,Goalkeeper
England,England,1200000.0,2013,Marouane Chamakh,Centre-Forward
England,Germany,200000.0,2013,Francis Coquelin,Defensive Midfield
England,Spain,101000000.0,2013,Gareth Bale,Right Winger
England,England,9150000.0,2013,Steven Caulker,Centre-Back
England,United States,8180000.0,2013,Clint Dempsey,Second Striker
England,England,5800000.0,2013,Tom Huddlestone,Defensive Midfield
England,England,4300000.0,2013,Scott Parker,Central Midfield
England,England,300000.0,2013,Jake Livermore,Defensive Midfield
England,England,15300000.0,2013,James McCarthy,Central Midfield
England,England,7000000.0,2013,Arouna Koné,Centre-Forward
England,England,3500000.0,2013,Romelu Lukaku,Centre-Forward
England,England,32400000.0,2013,Marouane Fellaini,Central Midfield
England,England,5900000.0,2013,Victor Anichebe,Centre-Forward
England,England,10600000.0,2013,Simon Mignolet,Goalkeeper
England,England,1200000.0,2013,Victor Moses,Right Winger
England,England,5800000.0,2013,Jonjo Shelvey,Central Midfield
England,England,5800000.0,2013,Stewart Downing,Left Midfield
England,England,1800000.0,2013,Fabio Borini,Left Winger
England,England,7000000.0,2013,Stéphane Sessègnon,Attacking Midfield
England,England,5900000.0,2013,Victor Anichebe,Centre-Forward
England,England,2300000.0,2013,Scott Sinclair,Left Winger
England,England,2900000.0,2013,Peter Odemwingie,Centre-Forward
England,England,5800000.0,2013,Jonjo Shelvey,Central Midfield
England,England,5800000.0,2013,Stewart Downing,Left Midfield
England,England,2900000.0,2013,Martin Olsson,Left-Back
England,England,2300000.0,2013,Nathan Redmond,Right Winger
England,England,1800000.0,2013,Grant Holt,Centre-Forward
England,England,620000.0,2013,Jacob Butterfield,Central Midfield
England,England,585000.0,2013,Leon Barnett,Centre-Back
England,England,540000.0,2013,Jed Steer,Goalkeeper
England,England,4300000.0,2013,Scott Parker,Central Midfield
England,England,2400000.0,2013,Darren Bent,Centre-Forward
England,Türkiye,3150000.0,2013,Kerim Frei,Left Winger
England,England,600000.0,2013,Stephen Ireland,Attacking Midfield
England,Norway,2000000.0,2013,Vegard Forren,Centre-Back
England,England,540000.0,2013,Jed Steer,Goalkeeper
England,England,2400000.0,2013,Darren Bent,Centre-Forward
England,England,2100000.0,2013,Barry Bannan,Central Midfield
England,England,600000.0,2013,Stephen Ireland,Attacking Midfield
England,England,2300000.0,2013,Loïc Rémy,Centre-Forward
England,England,870000.0,2013,James Perch,Centre-Back
England,England,2400000.0,2013,Vito Mannone,Goalkeeper
England,England,1800000.0,2013,Fabio Borini,Left Winger
England,England,10600000.0,2013,Simon Mignolet,Goalkeeper
England,England,7000000.0,2013,Stéphane Sessègnon,Attacking Midfield
England,England,2330000.0,2013,James McClean,Left Midfield
England,England,9150000.0,2013,Steven Caulker,Centre-Back
England,England,2900000.0,2013,Peter Odemwingie,Centre-Forward
England,England,1740000.0,2013,John Brayford,Right-Back
England,England,175000.0,2013,Simon Moore,Goalkeeper
England,England,5800000.0,2013,Tom Huddlestone,Defensive Midfield
England,England,2650000.0,2013,Curtis Davies,Centre-Back
England,England,2300000.0,2013,Ahmed El Mohamady,Right-Back
England,England,300000.0,2013,Jake Livermore,Defensive Midfield
England,England,880000.0,2013,Corry Evans,Central Midfield
England,England,5300000.0,2013,Dwight Gayle,Centre-Forward
England,England,3500000.0,2013,Adlène Guédioura,Defensive Midfield
England,England,3500000.0,2013,Adrian Mariappa,Centre-Back
England,England,2350000.0,2013,Jack Hunt,Right-Back
England,England,2100000.0,2013,Barry Bannan,Central Midfield
England,England,1200000.0,2013,Marouane Chamakh,Centre-Forward
England,England,990000.0,2013,Stephen Dobbie,Centre-Forward
England,England,880000.0,2013,Jimmy Kébé,Right Winger
England,England,44730000.0,2013,Juan Mata,Attacking Midfield
England,England,1800000.0,2013,Wilfried Zaha,Left Winger
England,England,44730000.0,2013,Juan Mata,Attacking Midfield
England,Germany,22000000.0,2013,Kevin De Bruyne,Attacking Midfield
England,Italy,500000.0,2013,Michael Essien,Defensive Midfield
England,England,250000.0,2013,Emmanuel Frimpong,Defensive Midfield
England,England,100000.0,2013,Nico Yennaris,Defensive Midfield
England,United States,9090000.0,2013,Jermain Defoe,Centre-Forward
England,England,7800000.0,2013,Nikica Jelavic,Centre-Forward
England,England,8500000.0,2013,Shane Long,Centre-Forward
England,Netherlands,1000000.0,2013,Bryan Ruiz,Attacking Midfield
England,France,25000000.0,2013,Yohan Cabaye,Central Midfield
England,England,3660000.0,2013,Liam Bridcutt,Defensive Midfield
England,Italy,150000.0,2013,Cabral,Defensive Midfield
England,England,1800000.0,2013,Wilfried Zaha,Left Winger
England,Denmark,3500000.0,2013,Andreas Cornelius,Centre-Forward
England,England,240000.0,2013,Rudy Gestede,Centre-Forward
England,England,8500000.0,2013,Shane Long,Centre-Forward
England,England,7800000.0,2013,Nikica Jelavic,Centre-Forward
England,England,3650000.0,2013,Wayne Hennessey,Goalkeeper
England,England,1830000.0,2013,Scott Dann,Centre-Back
England,England,20230000.0,2014,Calum Chambers,Centre-Back
England,England,20000000.0,2014,Danny Welbeck,Centre-Forward
England,England,15000000.0,2014,Mathieu Debuchy,Right-Back
England,Spain,19000000.0,2014,Thomas Vermaelen,Centre-Back
England,England,1900000.0,2014,Ignasi Miquel,Centre-Back
England,England,1500000.0,2014,Thomas Eisfeld,Central Midfield
England,England,750000.0,2014,Kieran Richardson,Left-Back
England,Netherlands,700000.0,2014,Karim El Ahmadi,Defensive Midfield
England,England,300000.0,2014,Jordan Bowery,Right-Back
England,England,3800000.0,2014,George Boyd,Left Winger
England,England,3100000.0,2014,Lukas Jutkiewicz,Centre-Forward
England,England,1900000.0,2014,Michael Kightly,Left Winger
England,England,630000.0,2014,Stephen Ward,Left-Back
England,England,630000.0,2014,Marvin Sordell,Centre-Forward
England,England,13200000.0,2014,Loïc Rémy,Centre-Forward
England,France,49500000.0,2014,David Luiz,Centre-Back
England,Türkiye,6000000.0,2014,Demba Ba,Centre-Forward
England,England,1900000.0,2014,Patrick van Aanholt,Left-Back
England,Germany,1500000.0,2014,Thorgan Hazard,Left Winger
England,Italy,1000000.0,2014,Marco van Ginkel,Central Midfield
England,Germany,800000.0,2014,Lucas Piazón,Attacking Midfield
England,Germany,250000.0,2014,Oriol Romeu,Defensive Midfield
England,Germany,200000.0,2014,Tomas Kalas,Centre-Back
England,England,8800000.0,2014,James McArthur,Central Midfield
England,England,3800000.0,2014,Zeki Fryers,Left-Back
England,England,2000000.0,2014,Martin Kelly,Right-Back
England,England,1140000.0,2014,Fraizer Campbell,Centre-Forward
England,Italy,1800000.0,2014,José Campaña,Central Midfield
England,England,1900000.0,2014,Shane Duffy,Centre-Back
England,England,7500000.0,2014,Robert Snodgrass,Right Winger
England,England,4400000.0,2014,Mohamed Diamé,Central Midfield
England,England,4400000.0,2014,Michael Dawson,Centre-Back
England,England,3150000.0,2014,Harry Maguire,Centre-Back
England,England,1950000.0,2014,Tom Ince,Right Winger
England,England,14900000.0,2014,Shane Long,Centre-Forward
England,England,3800000.0,2014,George Boyd,Left Winger
England,England,10100000.0,2014,Leonardo Ulloa,Centre-Forward
England,England,2500000.0,2014,Danny Simpson,Right-Back
England,England,31000000.0,2014,Adam Lallana,Attacking Midfield
England,England,25300000.0,2014,Dejan Lovren,Centre-Back
England,England,5500000.0,2014,Rickie Lambert,Centre-Forward
England,Spain,81720000.0,2014,Luis Suárez,Centre-Forward
England,Denmark,4000000.0,2014,Daniel Agger,Centre-Back
England,Germany,3000000.0,2014,Pepe Reina,Goalkeeper
England,England,2000000.0,2014,Martin Kelly,Right-Back
England,England,1250000.0,2014,Jack Robinson,Centre-Back
England,Russia,16800000.0,2014,Javi García,Defensive Midfield
England,England,12500000.0,2014,Jack Rodwell,Centre-Back
England,Italy,1000000.0,2014,Micah Richards,Right-Back
England,England,37500000.0,2014,Luke Shaw,Left-Back
England,England,20000000.0,2014,Danny Welbeck,Centre-Forward
England,Germany,8000000.0,2014,Shinji Kagawa,Attacking Midfield
England,Russia,5500000.0,2014,Alexander Büttner,Left-Back
England,Portugal,3000000.0,2014,Bebé,Left Winger
England,Spain,3000000.0,2014,Chicharito,Centre-Forward
England,Italy,1900000.0,2014,Patrice Evra,Left-Back
England,Croatia,1500000.0,2014,Ángelo Henríquez,Centre-Forward
England,England,5000000.0,2014,Jamaal Lascelles,Centre-Back
England,England,5000000.0,2014,Karl Darlow,Goalkeeper
England,England,15000000.0,2014,Mathieu Debuchy,Right-Back
England,Italy,1260000.0,2014,Mapou Yanga-Mbiwa,Centre-Back
England,France,160000.0,2014,Sylvain Marveaux,Attacking Midfield
England,England,100000.0,2014,James Tavernier,Right-Back
England,England,10750000.0,2014,Steven Caulker,Centre-Back
England,England,10000000.0,2014,Leroy Fer,Defensive Midfield
England,England,7570000.0,2014,Jordon Mutch,Central Midfield
England,England,7500000.0,2014,Sandro,Central Midfield
England,England,3800000.0,2014,Alex McCarthy,Goalkeeper
England,England,1250000.0,2014,Jack Robinson,Centre-Back
England,England,13200000.0,2014,Loïc Rémy,Centre-Forward
England,Spain,4000000.0,2014,Esteban Granero,Central Midfield
England,England,2500000.0,2014,Danny Simpson,Right-Back
England,England,14900000.0,2014,Shane Long,Centre-Forward
England,England,37500000.0,2014,Luke Shaw,Left-Back
England,England,31000000.0,2014,Adam Lallana,Attacking Midfield
England,England,25300000.0,2014,Dejan Lovren,Centre-Back
England,England,20230000.0,2014,Calum Chambers,Centre-Back
England,England,5500000.0,2014,Rickie Lambert,Centre-Forward
England,England,300000.0,2014,Billy Sharp,Centre-Forward
England,England,1900000.0,2014,Cameron Jerome,Centre-Forward
England,England,12500000.0,2014,Jack Rodwell,Centre-Back
England,England,3120000.0,2014,Will Buckley,Right Winger
England,England,1900000.0,2014,Patrick van Aanholt,Left-Back
England,Argentina,3250000.0,2014,Ignacio Scocco,Centre-Forward
England,Denmark,500000.0,2014,David Moberg Karlsson,Right Winger
England,England,10100000.0,2014,Gylfi Sigurdsson,Attacking Midfield
England,England,12650000.0,2014,Ben Davies,Centre-Back
England,England,5700000.0,2014,Michel Vorm,Goalkeeper
England,Qatar,5000000.0,2014,Chico Flores,Centre-Back
England,Qatar,5000000.0,2014,Pablo Hernández,Right Winger
England,Italy,1250000.0,2014,Michu,Second Striker
England,England,12650000.0,2014,Ben Davies,Centre-Back
England,England,5700000.0,2014,Michel Vorm,Goalkeeper
England,England,10100000.0,2014,Gylfi Sigurdsson,Attacking Midfield
England,England,7500000.0,2014,Sandro,Central Midfield
England,England,4400000.0,2014,Michael Dawson,Centre-Back
England,England,3800000.0,2014,Zeki Fryers,Left-Back
England,Germany,2500000.0,2014,Lewis Holtby,Central Midfield
England,Italy,2000000.0,2014,Iago Falque,Right Winger
England,England,250000.0,2014,Jonathan Obika,Centre-Forward
England,England,4750000.0,2014,Aaron Cresswell,Left-Back
England,England,4400000.0,2014,Mohamed Diamé,Central Midfield
England,Spain,1000000.0,2014,Joel Campbell,Right Winger
England,Italy,600000.0,2014,Lukas Podolski,Centre-Forward
England,England,65000.0,2014,Daniel Johnson,Attacking Midfield
England,Germany,32000000.0,2014,André Schürrle,Left Winger
England,England,6340000.0,2014,Jordon Mutch,Central Midfield
England,England,40000.0,2014,Keshi Anderson,Left Winger
England,England,1070000.0,2014,Stuart O'Keefe,Central Midfield
England,United Arab Emirates,6000000.0,2014,Oussama Assaidi,Left Winger
England,Italy,1300000.0,2014,Suso,Right Winger
England,England,32300000.0,2014,Wilfried Bony,Centre-Forward
England,England,6340000.0,2014,Jordon Mutch,Central Midfield
England,England,4000000.0,2014,Jack Cork,Defensive Midfield
England,England,6600000.0,2014,Kyle Naughton,Right-Back
England,England,4000000.0,2014,Jack Cork,Defensive Midfield
England,England,2240000.0,2014,Matt Grimes,Defensive Midfield
England,England,32300000.0,2014,Wilfried Bony,Centre-Forward
England,England,6600000.0,2014,Kyle Naughton,Right-Back
England,England,6350000.0,2014,Callum McManaman,Right Winger
England,China,28000000.0,2015,Ramires,Central Midfield
England,Germany,400000.0,2015,Papy Djilobodji,Centre-Back
England,England,15700000.0,2015,Andros Townsend,Right Winger
England,Serbia,1000000.0,2015,Marko Grujić,Defensive Midfield
England,England,5200000.0,2015,Charlie Austin,Centre-Forward
England,England,16000000.0,2015,Jonjo Shelvey,Central Midfield
England,Germany,100000.0,2015,Gerhard Tremmel,Goalkeeper
England,England,11000000.0,2015,Steven Naismith,Second Striker
England,England,4800000.0,2015,Sam Byram,Left-Back
England,England,3400000.0,2015,Matt Jarvis,Left Winger
England,Italy,2100000.0,2015,Mauro Zárate,Centre-Forward
England,China,1120000.0,2015,Nikica Jelavic,Centre-Forward
England,England,5100000.0,2015,Demarai Gray,Left Winger
England,Italy,250000.0,2015,Yohan Benalouane,Centre-Back
England,England,16000000.0,2015,Jonjo Shelvey,Central Midfield
England,England,15700000.0,2015,Andros Townsend,Right Winger
England,England,330000.0,2015,Mike Williamson,Centre-Back
England,England,200000.0,2015,Shane Ferguson,Left Midfield
England,Portugal,250000.0,2015,Sebastián Coates,Centre-Back
England,England,13300000.0,2015,Benik Afobe,Centre-Forward
England,England,9350000.0,2015,Lewis Grabban,Centre-Forward
England,England,260000.0,2015,Rhoys Wiggins,Left-Back
England,England,650000.0,2015,Yann Kermorgant,Centre-Forward
England,England,2000000.0,2015,Diego Fabbrini,Left Winger
England,England,11000000.0,2015,Steven Naismith,Second Striker
England,England,3400000.0,2015,Matt Jarvis,Left Winger
England,England,2950000.0,2015,Ben Godfrey,Centre-Back
England,England,2650000.0,2015,James Maddison,Attacking Midfield
England,England,9350000.0,2015,Lewis Grabban,Centre-Forward
England,England,3900000.0,2015,Gary Hooper,Centre-Forward
England,England,35800000.0,2016,N'Golo Kanté,Defensive Midfield
England,England,2300000.0,2016,Ritchie De Laet,Right-Back
England,England,1150000.0,2016,Liam Moore,Centre-Back
England,England,3000000.0,2016,Rob Holding,Centre-Back
England,Germany,5000000.0,2016,Serge Gnabry,Left Winger
England,Brazil,3000000.0,2016,Wellington Silva,Right Winger
England,England,2350000.0,2016,Jack Wilshere,Central Midfield
England,England,35000000.0,2016,Moussa Sissoko,Central Midfield
England,England,14400000.0,2016,Victor Wanyama,Defensive Midfield
England,England,15400000.0,2016,Ryan Mason,Central Midfield
England,England,15200000.0,2016,Nacer Chadli,Left Winger
England,England,9400000.0,2016,Alex Pritchard,Attacking Midfield
England,England,5900000.0,2016,DeAndre Yedlin,Right-Back
England,Italy,1200000.0,2016,Federico Fazio,Centre-Back
England,England,55600000.0,2016,John Stones,Centre-Back
England,Italy,11000000.0,2016,Edin Džeko,Centre-Forward
England,England,2350000.0,2016,Wilfried Bony,Centre-Forward
England,Spain,1500000.0,2016,Florian Lejeune,Centre-Back
England,England,5250000.0,2016,Paddy McNair,Centre-Back
England,England,1800000.0,2016,Tyler Blackett,Left-Back
England,England,1200000.0,2016,Will Keane,Centre-Forward
England,England,13500000.0,2016,Nathan Redmond,Right Winger
England,England,4700000.0,2016,Alex McCarthy,Goalkeeper
England,England,41200000.0,2016,Sadio Mané,Left Winger
England,China,15250000.0,2016,Graziano Pellè,Centre-Forward
England,England,14400000.0,2016,Victor Wanyama,Defensive Midfield
England,Spain,5000000.0,2016,Juanmi,Left Winger
England,England,24100000.0,2016,André Ayew,Centre-Forward
England,England,11700000.0,2016,James Tomkins,Centre-Back
England,England,41200000.0,2016,Sadio Mané,Left Winger
England,England,27500000.0,2016,Georginio Wijnaldum,Central Midfield
England,England,31200000.0,2016,Christian Benteke,Centre-Forward
England,England,18000000.0,2016,Jordon Ibe,Right Winger
England,England,15500000.0,2016,Joe Allen,Central Midfield
England,Italy,7600000.0,2016,Luis Alberto,Attacking Midfield
England,Türkiye,6000000.0,2016,Martin Skrtel,Centre-Back
England,England,3600000.0,2016,Brad Smith,Left-Back
England,England,480000.0,2016,Lawrence Vigouroux,Goalkeeper
England,England,15500000.0,2016,Joe Allen,Central Midfield
England,England,2350000.0,2016,Wilfried Bony,Centre-Forward
England,England,295000.0,2016,Ryan Sweeney,Centre-Back
England,England,2300000.0,2016,Marc Wilson,Centre-Back
England,Germany,1500000.0,2016,Philipp Wollscheid,Centre-Back
England,England,35800000.0,2016,N'Golo Kanté,Defensive Midfield
England,Italy,15000000.0,2016,Mohamed Salah,Right Winger
England,England,9500000.0,2016,Papy Djilobodji,Centre-Back
England,Italy,5000000.0,2016,Juan Cuadrado,Right Midfield
England,Greece,3000000.0,2016,Marko Marin,Attacking Midfield
England,Netherlands,2000000.0,2016,Bertrand Traoré,Right Winger
England,Italy,1000000.0,2016,Mario Pasalic,Central Midfield
England,England,1000000.0,2016,Loïc Rémy,Centre-Forward
England,Germany,500000.0,2016,Abdul Rahman Baba,Left-Back
England,England,500000.0,2016,Christian Atsu,Left Winger
England,England,28900000.0,2016,Yannick Bolasie,Left Winger
England,England,14000000.0,2016,Ashley Williams,Centre-Back
England,England,8500000.0,2016,Idrissa Gueye,Defensive Midfield
England,England,1800000.0,2016,Dominic Calvert-Lewin,Centre-Forward
England,England,1000000.0,2016,Maarten Stekelenburg,Goalkeeper
England,England,55600000.0,2016,John Stones,Centre-Back
England,England,5900000.0,2016,Alfie Mawson,Centre-Back
England,England,24100000.0,2016,André Ayew,Centre-Forward
England,England,14000000.0,2016,Ashley Williams,Centre-Back
England,Italy,6700000.0,2016,Alberto Paloschi,Centre-Forward
England,England,8900000.0,2016,Daryl Janmaat,Right-Back
England,England,4000000.0,2016,Younès Kaboul,Centre-Back
England,England,9400000.0,2016,Matej Vydra,Centre-Forward
England,Portugal,6000000.0,2016,Miguel Layún,Right-Back
England,England,4700000.0,2016,Ikechi Anya,Left Midfield
England,England,4700000.0,2016,Allan Nyom,Right-Back
England,England,3600000.0,2016,Almen Abdi,Central Midfield
England,Spain,1200000.0,2016,José Manuel Jurado,Attacking Midfield
England,England,15200000.0,2016,Nacer Chadli,Left Winger
England,England,6500000.0,2016,Matt Phillips,Right Winger
England,England,4700000.0,2016,Allan Nyom,Right-Back
England,England,9300000.0,2016,James Chester,Centre-Back
England,England,2000000.0,2016,Rickie Lambert,Centre-Forward
England,Scotland,1200000.0,2016,Cristian Gamboa,Right-Back
England,England,31200000.0,2016,Christian Benteke,Centre-Forward
England,England,15600000.0,2016,Andros Townsend,Right Winger
England,England,11700000.0,2016,James Tomkins,Centre-Back
England,England,1000000.0,2016,Loïc Rémy,Centre-Forward
England,England,28900000.0,2016,Yannick Bolasie,Left Winger
England,England,12000000.0,2016,Dwight Gayle,Centre-Forward
England,England,4700000.0,2016,Alex McCarthy,Goalkeeper
England,England,4600000.0,2016,Mile Jedinak,Defensive Midfield
England,England,18000000.0,2016,Jordon Ibe,Right Winger
England,England,7000000.0,2016,Lewis Cook,Central Midfield
England,England,3600000.0,2016,Brad Smith,Left-Back
England,England,2350000.0,2016,Jack Wilshere,Central Midfield
England,England,2300000.0,2016,Marc Wilson,Centre-Back
England,England,12000000.0,2016,Matt Ritchie,Right Midfield
England,England,3900000.0,2016,Tommy Elphick,Centre-Back
England,England,500000.0,2016,Eunan O'Kane,Central Midfield
England,England,290000.0,2016,Shaun MacDonald,Central Midfield
England,England,9500000.0,2016,Papy Djilobodji,Centre-Back
England,England,5250000.0,2016,Paddy McNair,Centre-Back
England,England,4000000.0,2016,Younès Kaboul,Centre-Back
England,Italy,1500000.0,2016,Emanuele Giaccherini,Left Midfield
England,Türkiye,1000000.0,2016,Jeremain Lens,Right Winger
England,England,11800000.0,2016,Jeff Hendrick,Central Midfield
England,England,3000000.0,2016,Jóhann Berg Gudmundsson,Right Winger
England,England,1300000.0,2016,Nick Pope,Goalkeeper
England,England,8250000.0,2016,Adama Traoré,Right Winger
England,England,2300000.0,2016,Fábio,Right-Back
England,England,5900000.0,2016,Adam Reach,Left Midfield
England,England,3500000.0,2016,Albert Adomah,Right Winger
England,England,15400000.0,2016,Ryan Mason,Central Midfield
England,England,4100000.0,2016,David Marshall,Goalkeeper
England,England,1200000.0,2016,Will Keane,Centre-Forward
England,England,5400000.0,2016,Mohamed Diamé,Central Midfield
England,England,13800000.0,2016,Jeffrey Schlupp,Left Midfield
England,Spain,2000000.0,2016,Luis Hernández,Centre-Back
England,Italy,13500000.0,2016,Stevan Jovetić,Second Striker
England,England,23000000.0,2016,Morgan Schneiderlin,Defensive Midfield
England,France,16000000.0,2016,Memphis Depay,Centre-Forward
England,England,9200000.0,2016,José Fonte,Centre-Back
England,England,12000000.0,2016,Robert Snodgrass,Right Winger
England,England,9200000.0,2016,José Fonte,Centre-Back
England,France,29300000.0,2016,Dimitri Payet,Attacking Midfield
England,England,4300000.0,2016,Tiago Ilori,Centre-Back
England,England,2300000.0,2016,Mamadou Sakho,Centre-Back
England,England,13900000.0,2016,Saido Berahino,Centre-Forward
England,China,60000000.0,2016,Oscar,Attacking Midfield
England,England,23000000.0,2016,Morgan Schneiderlin,Defensive Midfield
England,England,8800000.0,2016,Ademola Lookman,Second Striker
England,England,2500000.0,2016,Darron Gibson,Central Midfield
England,England,2000000.0,2016,Bryan Oviedo,Left-Back
England,Italy,700000.0,2016,Gerard Deulofeu,Centre-Forward
England,England,5800000.0,2016,Jordan Ayew,Right Winger
England,England,4600000.0,2016,Martin Olsson,Left-Back
England,China,23300000.0,2016,Odion Ighalo,Centre-Forward
England,England,5200000.0,2016,Adlène Guédioura,Defensive Midfield
England,England,11500000.0,2016,Jake Livermore,Defensive Midfield
England,England,13900000.0,2016,Saido Berahino,Centre-Forward
England,England,575000.0,2016,Craig Gardner,Central Midfield
England,England,13800000.0,2016,Jeffrey Schlupp,Left Midfield
England,England,10500000.0,2016,Patrick van Aanholt,Left-Back
England,England,2300000.0,2016,Mamadou Sakho,Centre-Back
England,England,940000.0,2016,Aaron Ramsdale,Goalkeeper
England,England,2500000.0,2016,Darron Gibson,Central Midfield
England,England,2000000.0,2016,Bryan Oviedo,Left-Back
England,England,10500000.0,2016,Patrick van Aanholt,Left-Back
England,England,15100000.0,2016,Robbie Brady,Left Midfield
England,England,5800000.0,2016,Ashley Westwood,Defensive Midfield
England,England,7100000.0,2016,Rudy Gestede,Centre-Forward
England,England,6900000.0,2016,Patrick Bamford,Centre-Forward
England,England,5200000.0,2016,Adlène Guédioura,Defensive Midfield
England,England,2900000.0,2016,David Nugent,Centre-Forward
England,England,1200000.0,2016,Emilio Nsue,Centre-Forward
England,England,12000000.0,2016,Robert Snodgrass,Right Winger
England,England,11500000.0,2016,Jake Livermore,Defensive Midfield
England,England,37900000.0,2017,Danny Drinkwater,Central Midfield
England,England,2800000.0,2017,Ethan Ampadu,Centre-Back
England,England,44700000.0,2017,Nemanja Matic,Defensive Midfield
England,England,11500000.0,2017,Asmir Begovic,Goalkeeper
England,France,10000000.0,2017,Bertrand Traoré,Right Winger
England,England,7800000.0,2017,Kurt Zouma,Centre-Back
England,England,15100000.0,2017,Fernando Llorente,Centre-Forward
England,England,52700000.0,2017,Kyle Walker,Right-Back
England,England,19400000.0,2017,Kevin Wimmer,Centre-Back
England,Türkiye,2500000.0,2017,Vincent Janssen,Centre-Forward
England,England,52700000.0,2017,Kyle Walker,Right-Back
England,England,27700000.0,2017,Kelechi Iheanacho,Centre-Forward
England,Spain,14000000.0,2017,Enes Ünal,Centre-Forward
England,England,13000000.0,2017,Wilfried Bony,Centre-Forward
England,Spain,7000000.0,2017,Nolito,Left Winger
England,Türkiye,6000000.0,2017,Fernando,Defensive Midfield
England,Italy,5000000.0,2017,Aleksandar Kolarov,Left-Back
England,Türkiye,3500000.0,2017,Samir Nasri,Attacking Midfield
England,England,2300000.0,2017,Joe Hart,Goalkeeper
England,Türkiye,500000.0,2017,Jason Denayer,Centre-Back
England,England,38000000.0,2017,Alex Oxlade-Chamberlain,Central Midfield
England,England,9000000.0,2017,Andrew Robertson,Left-Back
England,Germany,6500000.0,2017,Divock Origi,Centre-Forward
England,Italy,5700000.0,2017,Lucas Leiva,Defensive Midfield
England,England,4500000.0,2017,Kevin Stewart,Defensive Midfield
England,England,38000000.0,2017,Alex Oxlade-Chamberlain,Central Midfield
England,Italy,18400000.0,2017,Wojciech Szczesny,Goalkeeper
England,Spain,11000000.0,2017,Gabriel Paulista,Centre-Back
England,England,7500000.0,2017,Kieran Gibbs,Left-Back
England,England,84700000.0,2017,Romelu Lukaku,Centre-Forward
England,England,44700000.0,2017,Nemanja Matic,Defensive Midfield
England,Spain,8500000.0,2017,Adnan Januzaj,Right Winger
England,Spain,3000000.0,2017,Andreas Pereira,Attacking Midfield
England,England,49400000.0,2017,Gylfi Sigurdsson,Attacking Midfield
England,England,28500000.0,2017,Michael Keane,Centre-Back
England,England,28500000.0,2017,Jordan Pickford,Goalkeeper
England,England,84700000.0,2017,Romelu Lukaku,Centre-Forward
England,England,1100000.0,2017,Gareth Barry,Defensive Midfield
England,England,280000.0,2017,Aiden McGeady,Left Winger
England,England,13700000.0,2017,Jay Rodríguez,Centre-Forward
England,England,11500000.0,2017,Asmir Begovic,Goalkeeper
England,England,13700000.0,2017,Jay Rodríguez,Centre-Forward
England,England,7500000.0,2017,Kieran Gibbs,Left-Back
England,England,1100000.0,2017,Gareth Barry,Defensive Midfield
England,Germany,300000.0,2017,Yuning Zhang,Centre-Forward
England,England,22300000.0,2017,Marko Arnautovic,Centre-Forward
England,England,2300000.0,2017,Joe Hart,Goalkeeper
England,Germany,8000000.0,2017,Håvard Nordtveit,Defensive Midfield
England,England,7300000.0,2017,Ashley Fletcher,Centre-Forward
England,England,5600000.0,2017,Darren Randolph,Goalkeeper
England,Mexico,5500000.0,2017,Enner Valencia,Centre-Forward
England,Türkiye,4250000.0,2017,Sofiane Feghouli,Defensive Midfield
England,England,27700000.0,2017,Kelechi Iheanacho,Centre-Forward
England,England,13700000.0,2017,Harry Maguire,Centre-Back
England,England,2300000.0,2017,Eldin Jakupović,Goalkeeper
England,England,145000.0,2017,Sam Hughes,Centre-Back
England,England,37900000.0,2017,Danny Drinkwater,Central Midfield
England,England,5500000.0,2017,Tom Lawrence,Attacking Midfield
England,Germany,4000000.0,2017,Ron-Robert Zieler,Goalkeeper
England,Germany,500000.0,2017,Bartosz Kapustka,Attacking Midfield
England,England,19400000.0,2017,Kevin Wimmer,Centre-Back
England,England,7800000.0,2017,Kurt Zouma,Centre-Back
England,England,22300000.0,2017,Marko Arnautovic,Centre-Forward
England,England,5500000.0,2017,Joselu,Centre-Forward
England,France,2500000.0,2017,Philipp Wollscheid,Centre-Back
England,England,2300000.0,2017,Jonathan Walters,Right Winger
England,England,1700000.0,2017,Glenn Whelan,Defensive Midfield
England,England,840000.0,2017,Phil Bardsley,Right-Back
England,France,3000000.0,2017,Steve Mandanda,Goalkeeper
England,England,16300000.0,2017,Sam Clucas,Central Midfield
England,England,13000000.0,2017,Wilfried Bony,Centre-Forward
England,England,285000.0,2017,Cian Harries,Centre-Back
England,England,49400000.0,2017,Gylfi Sigurdsson,Attacking Midfield
England,England,15100000.0,2017,Fernando Llorente,Centre-Forward
England,England,9100000.0,2017,Jack Cork,Defensive Midfield
England,England,3300000.0,2017,Stephen Kingsley,Left-Back
England,Türkiye,2500000.0,2017,Bafétimbi Gomis,Centre-Forward
England,England,1700000.0,2017,Modou Barrow,Left Winger
England,England,16399999.999999998,2017,Chris Wood,Centre-Forward
England,England,9100000.0,2017,Jack Cork,Defensive Midfield
England,England,5400000.0,2017,Nahki Wells,Centre-Forward
England,England,2300000.0,2017,Jonathan Walters,Right Winger
England,England,840000.0,2017,Phil Bardsley,Right-Back
England,England,28500000.0,2017,Michael Keane,Centre-Back
England,England,20400000.0,2017,Andre Gray,Centre-Forward
England,England,1100000.0,2017,Tendayi Darikwa,Right-Back
England,England,20400000.0,2017,Andre Gray,Centre-Forward
England,England,9100000.0,2017,Will Hughes,Central Midfield
England,England,6300000.0,2017,Nathaniel Chalobah,Defensive Midfield
England,Belgium,6500000.0,2017,Sven Kums,Central Midfield
England,Belgium,2500000.0,2017,Uche Agbo,Defensive Midfield
England,Italy,2000000.0,2017,Valon Behrami,Defensive Midfield
England,England,11300000.0,2017,Jacob Murphy,Right Winger
England,England,7500000.0,2017,Christian Atsu,Left Winger
England,England,5500000.0,2017,Joselu,Centre-Forward
England,England,3800000.0,2017,Grant Hanley,Centre-Back
England,England,2300000.0,2017,Daryl Murphy,Centre-Forward
England,Netherlands,2300000.0,2017,Siem de Jong,Attacking Midfield
England,France,1100000.0,2017,Emmanuel Rivière,Centre-Forward
England,Switzerland,120000.0,2017,Kevin Mbabu,Right-Back
England,England,400000.0,2017,Rob Hunt,Right-Back
England,England,9100000.0,2017,Tom Ince,Right Winger
England,England,9100000.0,2017,Aaron Mooy,Central Midfield
England,England,3900000.0,2017,Scott Malone,Left-Back
England,England,5400000.0,2017,Nahki Wells,Centre-Forward
England,England,455000.0,2017,Kyle Dempsey,Central Midfield
England,England,17000000.0,2017,Olivier Giroud,Centre-Forward
England,England,16800000.0,2017,Ross Barkley,Central Midfield
England,Spain,60000000.0,2017,Diego Costa,Centre-Forward
England,Scotland,2500000.0,2017,Charly Musonda Jr.,Left Winger
England,Germany,1500000.0,2017,Michy Batshuayi,Centre-Forward
England,England,84650000.0,2017,Virgil van Dijk,Centre-Back
England,Spain,135000000.0,2017,Philippe Coutinho,Attacking Midfield
England,England,2300000.0,2017,Daniel Sturridge,Centre-Forward
England,England,34000000.0,2017,Henrikh Mkhitaryan,Central Midfield
England,England,34000000.0,2017,Alexis Sánchez,Centre-Forward
England,England,22500000.0,2017,Theo Walcott,Right Winger
England,England,17000000.0,2017,Olivier Giroud,Centre-Forward
England,Spain,14000000.0,2017,Francis Coquelin,Defensive Midfield
England,England,34000000.0,2017,Alexis Sánchez,Centre-Forward
England,England,34000000.0,2017,Henrikh Mkhitaryan,Central Midfield
England,England,22500000.0,2017,Theo Walcott,Right Winger
England,England,16800000.0,2017,Ross Barkley,Central Midfield
England,England,1700000.0,2017,Aaron Lennon,Right Winger
England,Germany,500000.0,2017,Ademola Lookman,Second Striker
England,England,84650000.0,2017,Virgil van Dijk,Centre-Back
England,England,2300000.0,2017,Daniel Sturridge,Centre-Forward
England,England,10200000.0,2017,Jordan Hugill,Centre-Forward
England,England,22800000.0,2017,André Ayew,Centre-Forward
England,China,5570000.0,2017,José Fonte,Centre-Back
England,France,5000000.0,2017,Diafra Sakho,Centre-Forward
England,England,2200000.0,2017,Islam Slimani,Centre-Forward
England,England,22800000.0,2017,André Ayew,Centre-Forward
England,England,1700000.0,2017,Aaron Lennon,Right Winger
England,Argentina,240000.0,2017,Mauro Zárate,Centre-Forward
England,England,2200000.0,2017,Islam Slimani,Centre-Forward
England,England,600000.0,2017,Aleksandar Mitrović,Centre-Forward
England,England,12350000.0,2017,Alex Pritchard,Attacking Midfield
England,England,600000.0,2017,Joe Lolley,Right Winger
England,Spain,17000000.0,2018,Brahim Díaz,Right Winger
England,China,7200000.0,2018,Marouane Fellaini,Central Midfield
England,China,5350000.0,2018,Mousa Dembélé,Central Midfield
England,England,21200000.0,2018,Dominic Solanke,Centre-Forward
England,Spain,18000000.0,2018,Álvaro Morata,Centre-Forward
England,France,9000000.0,2018,Cesc Fàbregas,Central Midfield
England,England,1150000.0,2018,Michy Batshuayi,Centre-Forward
England,England,8000000.0,2018,Sam Vokes,Centre-Forward
England,China,4600000.0,2018,Tyias Browning,Centre-Back
England,Spain,10000000.0,2018,Vicente Iborra,Defensive Midfield
England,England,500000.0,2018,Jacob Murphy,Right Winger
England,England,1150000.0,2018,Michy Batshuayi,Centre-Forward
England,Belgium,350000.0,2018,Alexander Sørloth,Centre-Forward
England,England,21200000.0,2018,Dominic Solanke,Centre-Forward
England,England,13600000.0,2018,Chris Mepham,Centre-Back
England,Germany,500000.0,2018,Reece Oxford,Centre-Back
England,Italy,500000.0,2018,Stefano Okaka,Centre-Forward
England,Chile,440000.0,2018,Valber Huerta,Centre-Back
England,Italy,300000.0,2018,Marvin Zeegelaar,Left-Back
England,Italy,300000.0,2018,Ben Wilmot,Centre-Back
England,England,2200000.0,2018,Oliver Norwood,Central Midfield
England,Russia,1700000.0,2018,Mathias Normann,Defensive Midfield
England,Italy,220000.0,2018,Ezequiel Schelotto,Right Midfield
England,England,1700000.0,2018,Karlan Grant,Centre-Forward
England,Egypt,800000.0,2018,Ramadan Sobhi,Attacking Midfield
England,Italy,11900000.0,2018,Manolo Gabbiadini,Centre-Forward
England,Italy,500000.0,2018,Cédric Soares,Right-Back
England,England,13500000.0,2018,Benik Afobe,Centre-Forward
England,England,3450000.0,2018,Danny Batth,Centre-Back
England,England,250000.0,2018,Ben Stevenson,Central Midfield
England,England,3450000.0,2018,Leandro Bacuna,Central Midfield
England,England,850000.0,2018,Cauley Woodrow,Centre-Forward
England,Italy,37000000.0,2019,Danilo,Centre-Back
England,England,16800000.0,2019,Douglas Luiz,Central Midfield
England,England,9500000.0,2019,Fabian Delph,Central Midfield
England,Spain,4000000.0,2019,Manu García,Attacking Midfield
England,Brazil,1700000.0,2019,Pablo Marí,Centre-Back
England,England,25100000.0,2019,Danny Ings,Centre-Forward
England,Scotland,7200000.0,2019,Ryan Kent,Left Winger
England,Belgium,7000000.0,2019,Simon Mignolet,Goalkeeper
England,England,2700000.0,2019,Harry Wilson,Right Winger
England,Germany,2000000.0,2019,Marko Grujić,Defensive Midfield
England,Germany,500000.0,2019,Taiwo Awoniyi,Centre-Forward
England,Spain,120800000.0,2019,Eden Hazard,Left Winger
England,Italy,9800000.0,2019,Ola Aina,Right-Back
England,England,9000000.0,2019,Tomas Kalas,Centre-Back
England,England,8700000.0,2019,David Luiz,Centre-Back
England,Spain,5000000.0,2019,Kenneth Omeruo,Centre-Back
England,France,3000000.0,2019,Tiemoué Bakayoko,Defensive Midfield
England,Germany,650000.0,2019,Ethan Ampadu,Centre-Back
England,England,27000000.0,2019,Ryan Sessegnon,Left-Back
England,England,11000000.0,2019,Jack Clarke,Left Winger
England,Spain,22000000.0,2019,Kieran Trippier,Right-Back
England,Mexico,9000000.0,2019,Vincent Janssen,Centre-Forward
England,Türkiye,4500000.0,2019,Georges-Kevin N'Koudou,Left Winger
England,England,8700000.0,2019,David Luiz,Centre-Back
England,England,30400000.0,2019,Alex Iwobi,Attacking Midfield
England,England,8199999.999999999,2019,Krystian Bielik,Centre-Back
England,France,5000000.0,2019,Laurent Koscielny,Centre-Back
England,Italy,3500000.0,2019,David Ospina,Goalkeeper
England,Italy,3100000.0,2019,Henrikh Mkhitaryan,Central Midfield
England,England,2200000.0,2019,Carl Jenkinson,Right-Back
England,Serbia,1000000.0,2019,Takuma Asano,Right Winger
England,Spain,250000.0,2019,Nacho Monreal,Left-Back
England,England,87000000.0,2019,Harry Maguire,Centre-Back
England,England,55000000.0,2019,Aaron Wan-Bissaka,Right-Back
England,England,17800000.0,2019,Daniel James,Right Winger
England,Italy,74000000.0,2019,Romelu Lukaku,Centre-Forward
England,Italy,3000000.0,2019,Chris Smalling,Centre-Back
England,Italy,2480000.0,2019,Matteo Darmian,Right-Back
England,England,5900000.0,2019,Ivan Cavaleiro,Left Winger
England,England,30400000.0,2019,Alex Iwobi,Attacking Midfield
England,England,9500000.0,2019,Fabian Delph,Central Midfield
England,France,30000000.0,2019,Idrissa Gueye,Defensive Midfield
England,Russia,23000000.0,2019,Nikola Vlašić,Attacking Midfield
England,France,13500000.0,2019,Henry Onyekuru,Left Winger
England,England,3300000.0,2019,James McCarthy,Central Midfield
England,England,33400000.0,2019,Ayoze Pérez,Centre-Forward
England,England,6700000.0,2019,James Justin,Right-Back
England,England,87000000.0,2019,Harry Maguire,Centre-Back
England,England,1500000.0,2019,Callum Elder,Left-Back
England,China,25000000.0,2019,Marko Arnautovic,Centre-Forward
England,Spain,7750000.0,2019,Chicharito,Centre-Forward
England,Italy,7750000.0,2019,Pedro Obiang,Central Midfield
England,Germany,7500000.0,2019,Edimilson Fernandes,Defensive Midfield
England,Spain,2300000.0,2019,Lucas Pérez,Centre-Forward
England,England,830000.0,2019,Sam Byram,Left-Back
England,England,6000000.0,2019,Craig Dawson,Centre-Back
England,Germany,20000000.0,2019,Dodi Lukébakio,Right Winger
England,Belgium,3400000.0,2019,Obbi Oulare,Centre-Forward
England,England,3300000.0,2019,James McCarthy,Central Midfield
England,England,2800000.0,2019,Jordan Ayew,Right Winger
England,England,55000000.0,2019,Aaron Wan-Bissaka,Right-Back
England,Türkiye,375000.0,2019,Alexander Sørloth,Centre-Forward
England,England,33400000.0,2019,Ayoze Pérez,Centre-Forward
England,Spain,2240000.0,2019,Joselu,Centre-Forward
England,England,16500000.0,2019,Philip Billing,Central Midfield
England,England,14800000.0,2019,Lloyd Kelly,Centre-Back
England,England,4450000.0,2019,Jack Stacey,Right-Back
England,England,2700000.0,2019,Harry Wilson,Right Winger
England,England,11100000.0,2019,Lys Mousset,Centre-Forward
England,England,1100000.0,2019,Connor Mahoney,Right Winger
England,England,10000000.0,2019,Jay Rodríguez,Centre-Forward
England,England,2750000.0,2019,Bailey Peacock-Farrell,Goalkeeper
England,England,1100000.0,2019,Erik Pieters,Left-Back
England,England,8800000.0,2019,Tom Heaton,Goalkeeper
England,England,25100000.0,2019,Danny Ings,Centre-Forward
England,England,16700000.0,2019,Ché Adams,Centre-Forward
England,England,15500000.0,2019,Matt Targett,Left-Back
England,England,4300000.0,2019,Charlie Austin,Centre-Forward
England,Türkiye,1000000.0,2019,Mario Lemina,Defensive Midfield
England,England,22220000.0,2019,Adam Webster,Centre-Back
England,England,15560000.0,2019,Neal Maupay,Centre-Forward
England,England,3900000.0,2019,Matt Clarke,Centre-Back
England,England,4500000.0,2019,Anthony Knockaert,Right Winger
England,Italy,1800000.0,2019,Ales Mateju,Centre-Back
England,Türkiye,700000.0,2019,Florin Andone,Centre-Forward
England,England,830000.0,2019,Sam Byram,Left-Back
England,England,335000.0,2019,Daniel Adshead,Central Midfield
England,Greece,1000000.0,2019,Nélson Oliveira,Centre-Forward
England,Germany,1000000.0,2019,Marcel Franke,Centre-Back
England,England,19100000.0,2019,Oli McBurnie,Centre-Forward
England,England,11100000.0,2019,Lys Mousset,Centre-Forward
England,England,7800000.0,2019,Callum Robinson,Centre-Forward
England,England,5600000.0,2019,Luke Freeman,Attacking Midfield
England,England,3900000.0,2019,Ben Osborn,Central Midfield
England,England,150000.0,2019,Ched Evans,Centre-Forward
England,England,22300000.0,2019,Tyrone Mings,Centre-Back
England,England,16800000.0,2019,Douglas Luiz,Central Midfield
England,England,15500000.0,2019,Matt Targett,Left-Back
England,England,13300000.0,2019,Ezri Konsa,Centre-Back
England,England,8800000.0,2019,Tom Heaton,Goalkeeper
England,England,4500000.0,2019,Jota Peleteiro,Right Winger
England,England,3400000.0,2019,Kortney Hause,Centre-Back
England,Germany,2000000.0,2019,Angeliño,Left-Back
England,Brazil,3500000.0,2019,Allan,Defensive Midfield
England,England,5900000.0,2019,Michael Hector,Centre-Back
England,Italy,216000.0,2019,Victor Moses,Right Winger
England,Italy,27000000.0,2019,Christian Eriksen,Central Midfield
England,England,2000000.0,2019,Danny Rose,Left-Back
England,Italy,1700000.0,2019,Ashley Young,Right-Back
England,Italy,3000000.0,2019,Patrick Cutrone,Centre-Forward
England,England,1100000.0,2019,Jarrad Branthwaite,Centre-Back
England,England,21300000.0,2019,Jarrod Bowen,Right Winger
England,England,4700000.0,2019,Darren Randolph,Goalkeeper
England,England,2000000.0,2019,Danny Rose,Left-Back
England,Italy,125000.0,2019,Asmir Begovic,Goalkeeper
England,England,10000000.0,2019,Josh Brownhill,Central Midfield
England,England,4750000.0,2019,Nahki Wells,Centre-Forward
England,Denmark,1000000.0,2019,Anders Dreyer,Right Winger
England,England,500000.0,2019,Gaëtan Bong,Left-Back
England,Germany,200000.0,2019,Dennis Srbeny,Centre-Forward
England,England,200000.0,2019,Richard Stearman,Centre-Back
England,Qatar,3000000.0,2019,Jonathan Kodjia,Centre-Forward
England,England,58500000.0,2021,Ben White,Right-Back
England,England,28000000.0,2021,Aaron Ramsdale,Goalkeeper
England,England,29400000.0,2021,Joe Willock,Central Midfield
England,Italy,1500000.0,2021,Lucas Torreira,Defensive Midfield
England,England,38400000.0,2021,Emiliano Buendía,Attacking Midfield
England,England,29400000.0,2021,Danny Ings,Centre-Forward
England,England,117500000.0,2021,Jack Grealish,Left Winger
England,Türkiye,6000000.0,2021,Ally Samatta,Centre-Forward
England,Belgium,3500000.0,2021,Björn Engels,Centre-Back
England,Türkiye,1000000.0,2021,Halil Dervişoğlu,Centre-Forward
England,England,58500000.0,2021,Ben White,Right-Back
England,Egypt,1800000.0,2021,Percy Tau,Right Winger
England,England,1200000.0,2021,Viktor Gyökeres,Centre-Forward
England,Netherlands,1000000.0,2021,Alireza Jahanbakhsh,Right Winger
England,Greece,1000000.0,2021,Michal Karbownik,Central Midfield
England,Croatia,300000.0,2021,Jan Mlakar,Left Winger
England,England,14000000.0,2021,Nathan Collins,Centre-Back
England,England,2900000.0,2021,Connor Roberts,Right-Back
England,England,9300000.0,2021,Ben Gibson,Centre-Back
England,England,1200000.0,2021,Josh Benson,Central Midfield
England,Italy,41000000.0,2021,Tammy Abraham,Centre-Forward
England,Italy,35300000.0,2021,Fikayo Tomori,Centre-Back
England,England,35000000.0,2021,Kurt Zouma,Centre-Back
England,England,23340000.0,2021,Marc Guéhi,Centre-Back
England,Italy,9000000.0,2021,Davide Zappacosta,Right Midfield
England,Russia,5000000.0,2021,Victor Moses,Right Winger
England,Italy,4800000.0,2021,Olivier Giroud,Centre-Forward
England,Italy,3000000.0,2021,Tiemoué Bakayoko,Defensive Midfield
England,France,500000.0,2021,Emerson,Left-Back
England,Brazil,500000.0,2021,Kenedy,Left Winger
England,Türkiye,150000.0,2021,Michy Batshuayi,Centre-Forward
England,England,23340000.0,2021,Marc Guéhi,Centre-Back
England,England,9300000.0,2021,Michael Olise,Right Winger
England,England,7000000.0,2021,Will Hughes,Central Midfield
England,Qatar,8000000.0,2021,James Rodríguez,Attacking Midfield
England,Italy,7000000.0,2021,Moise Kean,Centre-Forward
England,United Arab Emirates,1000000.0,2021,Bernard,Left Winger
England,England,29100000.0,2021,Daniel James,Right Winger
England,England,12800000.0,2021,Jack Harrison,Right Winger
England,England,17600000.0,2021,Jannik Vestergaard,Centre-Back
England,Türkiye,3000000.0,2021,Rachid Ghezzal,Right Winger
England,Italy,1000000.0,2021,Dennis Praet,Central Midfield
England,England,14000000.0,2021,Harry Wilson,Right Winger
England,Germany,8550000.0,2021,Taiwo Awoniyi,Centre-Forward
England,France,6000000.0,2021,Xherdan Shaqiri,Attacking Midfield
England,Portugal,1000000.0,2021,Marko Grujić,Defensive Midfield
England,England,117500000.0,2021,Jack Grealish,Left Winger
England,England,12800000.0,2021,Jack Harrison,Right Winger
England,England,29100000.0,2021,Daniel James,Right Winger
England,Brazil,1000000.0,2021,Andreas Pereira,Attacking Midfield
England,England,29400000.0,2021,Joe Willock,Central Midfield
England,England,9300000.0,2021,Ben Gibson,Centre-Back
England,England,5850000.0,2021,Angus Gunn,Goalkeeper
England,England,38400000.0,2021,Emiliano Buendía,Attacking Midfield
England,England,17700000.0,2021,Adam Armstrong,Centre-Forward
England,England,29400000.0,2021,Danny Ings,Centre-Forward
England,England,17600000.0,2021,Jannik Vestergaard,Centre-Back
England,England,5850000.0,2021,Angus Gunn,Goalkeeper
England,France,5500000.0,2021,Mario Lemina,Defensive Midfield
England,England,2000000.0,2021,Michael Obafemi,Centre-Forward
England,Spain,15000000.0,2021,Juan Foyth,Right-Back
England,Qatar,13000000.0,2021,Toby Alderweireld,Centre-Back
England,England,3500000.0,2021,Moussa Sissoko,Central Midfield
England,Scotland,1200000.0,2021,Joe Hart,Goalkeeper
England,England,3500000.0,2021,Moussa Sissoko,Central Midfield
England,England,300000.0,2021,Mattie Pollock,Centre-Back
England,England,7000000.0,2021,Will Hughes,Central Midfield
England,England,2300000.0,2021,Craig Dawson,Centre-Back
England,Italy,1800000.0,2021,Isaac Success,Centre-Forward
England,England,1750000.0,2021,Ben Wilmot,Centre-Back
England,England,35000000.0,2021,Kurt Zouma,Centre-Back
England,England,2300000.0,2021,Craig Dawson,Centre-Back
England,Italy,3000000.0,2021,Felipe Anderson,Right Winger
England,England,235000.0,2021,Xande Silva,Left Winger
England,Spain,16000000.0,2021,Rafa Mir,Centre-Forward
England,Italy,11800000.0,2021,Rui Patrício,Goalkeeper
England,Belgium,4000000.0,2021,Owen Otasowie,Defensive Midfield
England,Italy,500000.0,2021,Ainsley Maitland-Niles,Right-Back
England,England,30000000.0,2021,Lucas Digne,Left-Back
England,England,15000000.0,2021,Dan Burn,Centre-Back
England,England,30000000.0,2021,Chris Wood,Centre-Forward
England,England,30000000.0,2021,Lucas Digne,Left-Back
England,England,2100000.0,2021,Nat Phillips,Centre-Back
England,Spain,55000000.0,2021,Ferran Torres,Centre-Forward
England,Italy,1000000.0,2021,Axel Tuanzebe,Right-Back
England,England,30000000.0,2021,Chris Wood,Centre-Forward
England,England,15000000.0,2021,Dan Burn,Centre-Back
England,France,1420000.0,2021,Tanguy Ndombélé,Central Midfield
England,Spain,500000.0,2021,Bryan Gil,Left Winger
England,Denmark,1000000.0,2021,Frederik Alves,Centre-Back
England,England,24000000.0,2022,Leandro Trossard,Left Winger
England,England,11300000.0,2022,Jorginho,Defensive Midfield
England,England,12000000.0,2022,Danny Ings,Centre-Forward
England,England,10250000.0,2022,Antoine Semenyo,Left Winger
England,England,24000000.0,2022,Leandro Trossard,Left Winger
England,England,11300000.0,2022,Jorginho,Defensive Midfield
England,England,45600000.0,2022,Anthony Gordon,Left Winger
England,United States,1000000.0,2022,Mateusz Bogusz,Attacking Midfield
England,Italy,500000.0,2022,Diego Llorente,Centre-Back
England,England,17000000.0,2022,Harry Souttar,Centre-Back
England,Brazil,2000000.0,2022,Diego Rosa,Defensive Midfield
England,England,2960000.0,2022,Wout Weghorst,Centre-Forward
England,England,45600000.0,2022,Anthony Gordon,Left Winger
England,England,6500000.0,2022,Jonjo Shelvey,Central Midfield
England,England,4500000.0,2022,Chris Wood,Centre-Forward
England,England,157000.0,2022,Karl Darlow,Goalkeeper
England,England,6500000.0,2022,Jonjo Shelvey,Central Midfield
England,England,4500000.0,2022,Chris Wood,Centre-Forward
England,England,850000.0,2022,James Bree,Right-Back
England,England,12000000.0,2022,Danny Ings,Centre-Forward
England,England,3750000.0,2022,Craig Dawson,Centre-Back
England,England,3750000.0,2022,Craig Dawson,Centre-Back
England,England,57000.0,2022,Daniel Bentley,Goalkeeper
England,United States,2500000.0,2022,Sang-bin Jeong,Centre-Forward
England,United States,570000.0,2022,Connor Ronan,Central Midfield
England,England,116600000.0,2023,Declan Rice,Central Midfield
England,England,75000000.0,2023,Kai Havertz,Centre-Forward
England,England,3500000.0,2023,David Raya,Goalkeeper
England,France,30000000.0,2023,Folarin Balogun,Centre-Forward
England,Germany,15000000.0,2023,Granit Xhaka,Defensive Midfield
England,England,8150000.0,2023,Matt Turner,Goalkeeper
England,Italy,6200000.0,2023,Pablo Marí,Centre-Back
England,England,5800000.0,2023,Auston Trusty,Centre-Back
England,Spain,1400000.0,2023,Kieran Tierney,Left-Back
England,England,1200000.0,2023,Rob Holding,Centre-Back
England,England,1150000.0,2023,Nuno Tavares,Left-Back
England,France,300000.0,2023,Marquinhos,Right Winger
England,England,21550000.0,2023,Cameron Archer,Centre-Forward
England,England,5800000.0,2023,Jaden Philogene,Left Winger
England,Italy,2300000.0,2023,Keinan Davis,Centre-Forward
England,England,26900000.0,2023,Tyler Adams,Defensive Midfield
England,England,23000000.0,2023,Alex Scott,Central Midfield
England,England,8100000.0,2023,Max Aarons,Right-Back
England,England,26850000.0,2023,Nathan Collins,Centre-Back
England,Austria,6000000.0,2023,Mads Bidstrup,Central Midfield
England,England,3500000.0,2023,David Raya,Goalkeeper
England,Spain,250000.0,2023,Sergi Canós,Left Winger
England,England,34200000.0,2023,João Pedro,Centre-Forward
England,England,116000000.0,2023,Moisés Caicedo,Defensive Midfield
England,England,42000000.0,2023,Alexis Mac Allister,Central Midfield
England,England,23000000.0,2023,Robert Sánchez,Goalkeeper
England,Belgium,2750000.0,2023,Andi Zeqiri,Centre-Forward
England,France,1900000.0,2023,Reda Khadra,Attacking Midfield
England,Germany,1300000.0,2023,Michal Karbownik,Central Midfield
England,Germany,700000.0,2023,Deniz Undav,Centre-Forward
England,England,17300000.0,2023,James Trafford,Goalkeeper
England,England,13900000.0,2023,Sander Berge,Defensive Midfield
England,England,7800000.0,2023,Dara O'Shea,Centre-Back
England,England,4000000.0,2023,Michael Obafemi,Centre-Forward
England,England,2300000.0,2023,Bobby Thomas,Centre-Back
England,Germany,1500000.0,2023,Wout Weghorst,Centre-Forward
England,England,116000000.0,2023,Moisés Caicedo,Defensive Midfield
England,England,62100000.0,2023,Roméo Lavia,Defensive Midfield
England,England,47000000.0,2023,Cole Palmer,Attacking Midfield
England,England,23000000.0,2023,Robert Sánchez,Goalkeeper
England,England,75000000.0,2023,Kai Havertz,Centre-Forward
England,England,67700000.0,2023,Mason Mount,Attacking Midfield
England,England,29100000.0,2023,Mateo Kovacic,Central Midfield
England,Saudi Arabia,23000000.0,2023,Kalidou Koulibaly,Centre-Back
England,Italy,20800000.0,2023,Christian Pulisic,Right Winger
England,Italy,18900000.0,2023,Ruben Loftus-Cheek,Central Midfield
England,Saudi Arabia,18500000.0,2023,Edouard Mendy,Goalkeeper
England,England,8100000.0,2023,Ethan Ampadu,Centre-Back
England,Italy,5800000.0,2023,Romelu Lukaku,Centre-Forward
England,England,3500000.0,2023,Callum Hudson-Odoi,Left Winger
England,France,2800000.0,2023,Diego Moreira,Left Midfield
England,Spain,1000000.0,2023,Kepa Arrizabalaga,Goalkeeper
England,England,1000000.0,2023,Omari Hutchinson,Attacking Midfield
England,England,17500000.0,2023,Dean Henderson,Goalkeeper
England,England,1200000.0,2023,Rob Holding,Centre-Back
England,England,25700000.0,2023,Alex Iwobi,Attacking Midfield
England,Saudi Arabia,9300000.0,2023,Demarai Gray,Left Winger
England,England,8800000.0,2023,Tom Cannon,Centre-Forward
England,England,7000000.0,2023,Ellis Simms,Centre-Forward
England,England,25700000.0,2023,Alex Iwobi,Attacking Midfield
England,England,13000000.0,2023,Timothy Castagne,Right-Back
England,England,6400000.0,2023,Raúl Jiménez,Centre-Forward
England,England,870000.0,2023,Steven Benda,Goalkeeper
England,Saudi Arabia,52600000.0,2023,Aleksandar Mitrović,Centre-Forward
England,England,42000000.0,2023,Alexis Mac Allister,Central Midfield
England,Saudi Arabia,46700000.0,2023,Fabinho,Defensive Midfield
England,Saudi Arabia,14000000.0,2023,Jordan Henderson,Defensive Midfield
England,England,5850000.0,2023,Ryan Giles,Left-Back
England,England,4700000.0,2023,Tahith Chong,Attacking Midfield
England,England,3500000.0,2023,Mads Andersen,Centre-Back
England,England,2900000.0,2023,Jacob Brown,Centre-Forward
England,England,2900000.0,2023,Thomas Kaminski,Goalkeeper
England,England,2900000.0,2023,Marvelous Nakamba,Defensive Midfield
England,England,300000.0,2023,Carlos Mendes,Right Winger
England,England,62000000.0,2023,Matheus Nunes,Central Midfield
England,England,29100000.0,2023,Mateo Kovacic,Central Midfield
England,England,47000000.0,2023,Cole Palmer,Attacking Midfield
England,Saudi Arabia,35000000.0,2023,Riyad Mahrez,Right Winger
England,Saudi Arabia,27500000.0,2023,Aymeric Laporte,Centre-Back
England,England,17300000.0,2023,James Trafford,Goalkeeper
England,Spain,5000000.0,2023,Yangel Herrera,Central Midfield
England,England,67700000.0,2023,Mason Mount,Attacking Midfield
England,England,17500000.0,2023,Anthony Elanga,Right Winger
England,England,17500000.0,2023,Dean Henderson,Goalkeeper
England,Türkiye,9740000.0,2023,Fred,Central Midfield
England,Germany,5000000.0,2023,Matej Kovar,Goalkeeper
England,Saudi Arabia,4600000.0,2023,Alex Telles,Left-Back
England,Netherlands,1000000.0,2023,Zidane Iqbal,Central Midfield
England,England,44000000.0,2023,Harvey Barnes,Left Winger
England,England,37200000.0,2023,Tino Livramento,Right-Back
England,Saudi Arabia,27200000.0,2023,Allan Saint-Maximin,Left Winger
England,England,400000.0,2023,Karl Darlow,Goalkeeper
England,England,17500000.0,2023,Anthony Elanga,Right Winger
England,England,12850000.0,2023,Andrew Omobamidele,Centre-Back
England,England,8150000.0,2023,Matt Turner,Goalkeeper
England,England,3500000.0,2023,Callum Hudson-Odoi,Left Winger
England,England,1150000.0,2023,Nuno Tavares,Left-Back
England,England,55000000.0,2023,Brennan Johnson,Right Winger
England,United States,5800000.0,2023,Sam Surridge,Centre-Forward
England,United States,3600000.0,2023,Braian Ojeda,Central Midfield
England,Switzerland,420000.0,2023,Mohamed Dräger,Right-Back
England,England,21550000.0,2023,Cameron Archer,Centre-Forward
England,England,17300000.0,2023,Gustavo Hamer,Central Midfield
England,England,5800000.0,2023,Auston Trusty,Centre-Back
England,France,17000000.0,2023,Iliman Ndiaye,Left Winger
England,England,13900000.0,2023,Sander Berge,Defensive Midfield
England,England,55000000.0,2023,Brennan Johnson,Right Winger
England,England,46300000.0,2023,James Maddison,Attacking Midfield
England,England,2300000.0,2023,Ashley Phillips,Centre-Back
England,Germany,95000000.0,2023,Harry Kane,Centre-Forward
England,England,11600000.0,2023,Harry Winks,Defensive Midfield
England,Türkiye,9500000.0,2023,Davinson Sánchez,Centre-Back
England,England,1100000.0,2023,Djed Spence,Left-Back
England,England,34800000.0,2023,James Ward-Prowse,Central Midfield
England,England,116600000.0,2023,Declan Rice,Central Midfield
England,Italy,28000000.0,2023,Gianluca Scamacca,Centre-Forward
England,Italy,10600000.0,2023,Nikola Vlašić,Attacking Midfield
England,Türkiye,2000000.0,2023,Arthur Masuaku,Left-Back
England,England,62000000.0,2023,Matheus Nunes,Central Midfield
England,Saudi Arabia,55000000.0,2023,Rúben Neves,Defensive Midfield
England,England,26850000.0,2023,Nathan Collins,Centre-Back
England,England,8700000.0,2023,Conor Coady,Centre-Back
England,England,6400000.0,2023,Raúl Jiménez,Centre-Forward
England,England,5850000.0,2023,Ryan Giles,Left-Back
England,Belgium,1500000.0,2023,Hayao Kawabe,Central Midfield
England,Greece,1500000.0,2023,Daniel Podence,Attacking Midfield
England,England,1400000.0,2023,Matija Sarkic,Goalkeeper
England,England,9400000.0,2023,Morgan Rogers,Attacking Midfield
England,Italy,608000.0,2023,Leander Dendoncker,Defensive Midfield
England,England,4700000.0,2023,Armando Broja,Centre-Forward
England,Germany,2300000.0,2023,Ian Maatsen,Left-Back
England,England,21100000.0,2023,Adam Wharton,Defensive Midfield
England,England,4700000.0,2023,Armando Broja,Centre-Forward
England,Türkiye,600000.0,2023,Carlos Vinícius,Centre-Forward
England,England,7000000.0,2023,Kalvin Phillips,Defensive Midfield
England,Germany,3000000.0,2023,Donny van de Beek,Central Midfield
England,France,11700000.0,2023,Orel Mangala,Defensive Midfield
England,Brazil,5000000.0,2023,Gustavo Scarpa,Attacking Midfield
England,United States,700000.0,2023,Richie Laryea,Right-Back
England,Türkiye,500000.0,2023,Joe Worrall,Centre-Back
England,Türkiye,100000.0,2023,Serge Aurier,Right-Back
England,Germany,3500000.0,2023,Eric Dier,Centre-Back
England,England,7000000.0,2023,Kalvin Phillips,Defensive Midfield
England,Spain,8000000.0,2023,Pablo Fornals,Central Midfield
England,France,6000000.0,2023,Saïd Benrahma,Left Winger
England,England,1160000.0,2023,Conor Coventry,Defensive Midfield
England,France,500000.0,2023,Thilo Kehrer,Centre-Back
England,England,31800000.0,2024,Emile Smith Rowe,Attacking Midfield
England,England,29700000.0,2024,Eddie Nketiah,Centre-Forward
England,England,21400000.0,2024,Aaron Ramsdale,Goalkeeper
England,Portugal,890000.0,2024,Fábio Vieira,Attacking Midfield
England,England,59350000.0,2024,Amadou Onana,Defensive Midfield
England,England,44500000.0,2024,Ian Maatsen,Left-Back
England,England,16649999.999999998,2024,Cameron Archer,Centre-Forward
England,England,16000000.0,2024,Jaden Philogene,Left Winger
England,England,11800000.0,2024,Lewis Dobbin,Left Winger
England,England,5900000.0,2024,Ross Barkley,Central Midfield
England,Saudi Arabia,60000000.0,2024,Moussa Diaby,Right Winger
England,Italy,51500000.0,2024,Douglas Luiz,Central Midfield
England,England,17600000.0,2024,Cameron Archer,Centre-Forward
England,England,10700000.0,2024,Tim Iroegbunam,Central Midfield
England,Scotland,1200000.0,2024,Viljami Sinisalo,Goalkeeper
England,England,3600000.0,2024,Kepa Arrizabalaga,Goalkeeper
England,England,64300000.0,2024,Dominic Solanke,Centre-Forward
England,England,1790000.0,2024,Kieffer Moore,Centre-Forward
England,England,23600000.0,2024,Sepp van den Berg,Centre-Back
England,England,23400000.0,2024,Fábio Carvalho,Attacking Midfield
England,Saudi Arabia,42000000.0,2024,Ivan Toney,Centre-Forward
England,Germany,600000.0,2024,Fin Stevens,Right-Back
England,England,46700000.0,2024,Georginio Rutter,Centre-Forward
England,England,35000000.0,2024,Yankuba Minteh,Right Winger
England,Italy,14000000.0,2024,Billy Gilmour,Defensive Midfield
England,Germany,7000000.0,2024,Pascal Groß,Central Midfield
England,England,590000.0,2024,Marc Leonard,Central Midfield
England,Türkiye,200000.0,2024,Kacper Kozlowski,Attacking Midfield
England,England,60000000.0,2024,Pedro Neto,Right Winger
England,England,35400000.0,2024,Kiernan Dewsbury-Hall,Central Midfield
England,England,5900000.0,2024,Jadon Sancho,Left Winger
England,England,44500000.0,2024,Ian Maatsen,Left-Back
England,Spain,42000000.0,2024,Conor Gallagher,Central Midfield
England,Italy,30000000.0,2024,Romelu Lukaku,Centre-Forward
England,Saudi Arabia,23000000.0,2024,Ângelo,Right Winger
England,France,8500000.0,2024,Diego Moreira,Left Midfield
England,England,3600000.0,2024,Kepa Arrizabalaga,Goalkeeper
England,England,29700000.0,2024,Eddie Nketiah,Centre-Forward
England,Germany,53000000.0,2024,Michael Olise,Right Winger
England,England,29500000.0,2024,Joachim Andersen,Centre-Back
England,England,11900000.0,2024,Sam Johnstone,Goalkeeper
England,England,5900000.0,2024,Jordan Ayew,Right Winger
England,England,10700000.0,2024,Tim Iroegbunam,Central Midfield
England,England,59350000.0,2024,Amadou Onana,Defensive Midfield
England,Italy,12500000.0,2024,Ben Godfrey,Centre-Back
England,England,11800000.0,2024,Lewis Dobbin,Left Winger
England,France,500000.0,2024,Neal Maupay,Centre-Forward
England,England,31800000.0,2024,Emile Smith Rowe,Attacking Midfield
England,England,29500000.0,2024,Joachim Andersen,Centre-Back
England,England,23550000.0,2024,Sander Berge,Defensive Midfield
England,Germany,51000000.0,2024,João Palhinha,Defensive Midfield
England,England,23500000.0,2024,Omari Hutchinson,Attacking Midfield
England,England,21500000.0,2024,Jacob Greaves,Centre-Back
England,England,17700000.0,2024,Jack Clarke,Left Winger
England,England,14200000.0,2024,Dara O'Shea,Centre-Back
England,England,10600000.0,2024,Sammie Szmodics,Attacking Midfield
England,England,9550000.0,2024,Arijanet Muric,Goalkeeper
England,England,9500000.0,2024,Chiedozie Ogbene,Right Winger
England,England,590000.0,2024,Conor Townsend,Left-Back
England,England,1180000.0,2024,Gassan Ahadme,Centre-Forward
England,England,470000.0,2024,Idris El Mizouni,Central Midfield
England,England,23500000.0,2024,Oliver Skipp,Defensive Midfield
England,England,5900000.0,2024,Jordan Ayew,Right Winger
England,England,35400000.0,2024,Kiernan Dewsbury-Hall,Central Midfield
England,England,23600000.0,2024,Sepp van den Berg,Centre-Back
England,England,23400000.0,2024,Fábio Carvalho,Attacking Midfield
England,Spain,75000000.0,2024,Julián Alvarez,Centre-Forward
England,Saudi Arabia,25000000.0,2024,João Cancelo,Right-Back
England,Spain,8700000.0,2024,Sergio Gómez,Left Winger
England,Germany,4000000.0,2024,Yan Couto,Right-Back
England,Italy,30500000.0,2024,Scott McTominay,Central Midfield
England,France,26000000.0,2024,Mason Greenwood,Right Winger
England,England,17600000.0,2024,Aaron Wan-Bissaka,Right-Back
England,Spain,10000000.0,2024,Willy Kambwala,Centre-Back
England,England,6400000.0,2024,Hannibal,Attacking Midfield
England,Greece,6000000.0,2024,Facundo Pellistri,Left Winger
England,England,5900000.0,2024,Jadon Sancho,Left Winger
England,Spain,500000.0,2024,Donny van de Beek,Central Midfield
England,England,23600000.0,2024,Odysseas Vlachodimos,Goalkeeper
England,England,11600000.0,2024,William Osula,Centre-Forward
England,England,41200000.0,2024,Elliot Anderson,Central Midfield
England,England,35000000.0,2024,Yankuba Minteh,Right Winger
England,England,41200000.0,2024,Elliot Anderson,Central Midfield
England,France,31900000.0,2024,Moussa Niakhaté,Centre-Back
England,England,23600000.0,2024,Odysseas Vlachodimos,Goalkeeper
England,England,5900000.0,2024,Joe Worrall,Centre-Back
England,England,23000000.0,2024,Taylor Harwood-Bellis,Centre-Back
England,England,21400000.0,2024,Aaron Ramsdale,Goalkeeper
England,England,17850000.0,2024,Flynn Downes,Defensive Midfield
England,England,17600000.0,2024,Cameron Archer,Centre-Forward
England,England,3500000.0,2024,Ronnie Edwards,Centre-Back
England,England,3500000.0,2024,Nathan Wood,Centre-Back
England,Brazil,18000000.0,2024,Carlos Alcaraz,Central Midfield
England,France,12000000.0,2024,Sékou Mara,Centre-Forward
England,Brazil,4500000.0,2024,Lyanco,Centre-Back
England,France,3590000.0,2024,Duje Caleta-Car,Centre-Back
England,Spain,3500000.0,2024,Romain Perraud,Left-Back
England,England,64300000.0,2024,Dominic Solanke,Centre-Forward
England,England,41250000.0,2024,Archie Gray,Defensive Midfield
England,England,29300000.0,2024,Wilson Odobert,Right Winger
England,England,23500000.0,2024,Oliver Skipp,Defensive Midfield
England,Italy,15000000.0,2024,Emerson Royal,Right-Back
England,Spain,5000000.0,2024,Giovani Lo Celso,Attacking Midfield
England,England,47500000.0,2024,Maximilian Kilman,Centre-Back
England,England,29300000.0,2024,Crysencio Summerville,Left Winger
England,England,17600000.0,2024,Aaron Wan-Bissaka,Right-Back
England,Denmark,1500000.0,2024,Nathan Trott,Goalkeeper
England,England,11900000.0,2024,Sam Johnstone,Goalkeeper
England,England,60000000.0,2024,Pedro Neto,Right Winger
England,England,47500000.0,2024,Maximilian Kilman,Centre-Back
England,Saudi Arabia,5000000.0,2024,Daniel Podence,Attacking Midfield
England,England,6000000.0,2024,Axel Disasi,Right-Back
England,Saudi Arabia,77000000.0,2024,Jhon Durán,Centre-Forward
England,England,23700000.0,2024,Jaden Philogene,Left Winger
England,Türkiye,11470000.0,2024,Diego Carlos,Centre-Back
England,England,10750000.0,2024,Eiran Cashin,Centre-Back
England,Netherlands,1500000.0,2024,Jakub Moder,Central Midfield
England,Italy,13000000.0,2024,Cesare Casadei,Central Midfield
England,England,6000000.0,2024,Axel Disasi,Right-Back
England,Italy,5500000.0,2024,João Félix,Second Striker
England,Italy,4000000.0,2024,Renato Veiga,Centre-Back
England,Germany,2400000.0,2024,Carney Chukwuemeka,Central Midfield
England,England,14200000.0,2024,Romain Esse,Right Winger
England,England,23700000.0,2024,Jaden Philogene,Left Winger
England,England,2400000.0,2024,Alex Palmer,Goalkeeper
England,England,11850000.0,2024,Tom Cannon,Centre-Forward
England,United States,9550000.0,2024,Miguel Almirón,Right Winger
England,Italy,3800000.0,2024,Lloyd Kelly,Centre-Back
England,Türkiye,2500000.0,2024,Mario Lemina,Defensive Midfield
England,England,1200000.0,2024,Luke Cundle,Central Midfield
England,England,2540000.0,2004,Eric Djemba Djemba,Defensive Midfield
England,England,1400000.0,2004,Scott Carson,Goalkeeper
England,England,3000000.0,2004,Amdy Faye,Defensive Midfield
England,England,600000.0,2004,Olivier Bernard,Left-Back
England,England,2540000.0,2004,Eric Djemba Djemba,Defensive Midfield
England,England,2250000.0,2004,Robbie Blake,Second Striker
England,England,4500000.0,2004,Robbie Savage,Defensive Midfield
England,Spain,2000000.0,2004,Jesper Grønkjaer,Left Winger
England,England,300000.0,2004,Carlo Nash,Goalkeeper
England,England,3150000.0,2004,Nigel Quashie,Central Midfield
England,England,600000.0,2004,Olivier Bernard,Left-Back
England,England,9000000.0,2004,James Beattie,Centre-Forward
England,England,3150000.0,2004,Nigel Quashie,Central Midfield
England,England,3000000.0,2004,Amdy Faye,Defensive Midfield
England,England,75000.0,2004,Kevin Harper,Right Midfield
England,England,8000000.0,2004,Andy Reid,Left Midfield
England,England,7000000.0,2004,Michael Dawson,Centre-Back
England,England,4500000.0,2004,Robbie Savage,Defensive Midfield
England,Scotland,7250000.0,2004,Barry Ferguson,Defensive Midfield
England,Türkiye,7190000.0,2004,Nicolas Anelka,Centre-Forward
England,England,9000000.0,2004,James Beattie,Centre-Forward
England,Spain,3400000.0,2004,Thomas Gravesen,Defensive Midfield
England,England,400000.0,2004,Nick Chadwick,Centre-Forward
England,England,6000000.0,2004,Dean Ashton,Centre-Forward
England,England,2250000.0,2004,Richard Chaplow,Central Midfield
England,England,750000.0,2004,Scott Dobie,Centre-Forward
England,England,75000.0,2004,Simon Brown,Midfielder
England,England,100000.0,2004,Shaun Derry,Defensive Midfield
England,England,3000000.0,2007,Phil Bardsley,Right-Back
England,Greece,200000.0,2007,Manucho,Centre-Forward
England,England,18000000.0,2007,Nicolas Anelka,Centre-Forward
England,Italy,11000000.0,2007,Mohamed Sissoko,Defensive Midfield
England,Austria,4000.0,2007,Besian Idrizaj,Centre-Forward
England,England,7000000.0,2007,Lassana Diarra,Defensive Midfield
England,England,10800000.0,2007,Jonathan Woodgate,Centre-Back
England,England,9300000.0,2007,Jermain Defoe,Centre-Forward
England,England,1700000.0,2007,Wayne Routledge,Left Winger
England,England,475000.0,2007,Philip Ifil,Right-Back
England,England,1500000.0,2007,Dan Gosling,Central Midfield
England,England,7500000.0,2007,James McFadden,Second Striker
England,England,800000.0,2007,Anderson Silva,Defensive Midfield
England,England,6000000.0,2007,Gary Cahill,Centre-Back
England,England,4700000.0,2007,Matthew Taylor,Left Midfield
England,England,18000000.0,2007,Nicolas Anelka,Centre-Forward
England,England,125000.0,2007,Przemyslaw Kazimierczak,Goalkeeper
England,England,500000.0,2007,Simon Cox,Centre-Forward
England,England,9300000.0,2007,Jermain Defoe,Centre-Forward
England,England,7000000.0,2007,Lassana Diarra,Defensive Midfield
England,England,5200000.0,2007,Benjani,Centre-Forward
England,England,4700000.0,2007,Matthew Taylor,Left Midfield
England,England,2250000.0,2007,Robbie Savage,Defensive Midfield
England,England,1700000.0,2007,Wayne Routledge,Left Winger
England,England,6000000.0,2007,Gary Cahill,Centre-Back
England,England,10800000.0,2007,Jonathan Woodgate,Centre-Back
England,Scotland,375000.0,2007,Ben Hutchinson,Centre-Forward
England,England,300000.0,2007,Ben Tozer,Centre-Back
England,England,450000.0,2007,Matthew Pattison,Central Midfield
England,England,5200000.0,2007,Benjani,Centre-Forward
England,Italy,263000.0,2007,Ousmane Dabo,Defensive Midfield
England,England,4000000.0,2007,Marlon King,Centre-Forward
England,England,4000000.0,2007,Fitz Hall,Centre-Back
England,Netherlands,1500000.0,2007,Denny Landzaat,Central Midfield
England,England,2250000.0,2007,Robbie Savage,Defensive Midfield
England,England,2250000.0,2007,Steve Howard,Centre-Forward
England,England,1030000.0,2007,Craig Fagan,Centre-Forward
England,England,660000.0,2007,Matt Oakley,Central Midfield
England,England,450000.0,2007,Andy Griffin,Right-Back
England,England,400000.0,2007,Jon Macken,Centre-Forward
England,England,6000000.0,2007,Andy Reid,Left Midfield
England,England,3000000.0,2007,Phil Bardsley,Right-Back
England,England,7500000.0,2007,James McFadden,Second Striker
England,England,1100000.0,2007,Mat Sadler,Centre-Back
England,England,900000.0,2007,Neil Danns,Central Midfield
England,England,225000.0,2007,Neil Kilkenny,Defensive Midfield
England,England,21500000.0,2010,Darren Bent,Centre-Forward
England,England,4000000.0,2010,Curtis Davies,Centre-Back
England,England,600000.0,2010,Steve Sidwell,Central Midfield
England,Italy,1000000.0,2010,Mauro Boselli,Centre-Forward
England,Italy,465000.0,2010,Federico Macheda,Centre-Forward
England,England,600000.0,2010,Steve Sidwell,Central Midfield
England,Sweden,360000.0,2010,David Elm,Centre-Forward
England,England,41000000.0,2010,Andy Carroll,Centre-Forward
England,England,58500000.0,2010,Fernando Torres,Centre-Forward
England,England,600000.0,2010,Adam Hammill,Right Winger
England,Belgium,3500000.0,2010,Jelle Van Damme,Centre-Back
England,Germany,4500000.0,2010,Tuncay Şanlı,Left Winger
England,Austria,400000.0,2010,Nacer Barazite,Attacking Midfield
England,England,2900000.0,2010,Gary O'Neil,Central Midfield
England,England,1200000.0,2010,Robbie Keane,Centre-Forward
England,England,350000.0,2010,Wayne Bridge,Left-Back
England,England,75000.0,2010,Paul McCallum,Centre-Forward
England,Italy,2000000.0,2010,Valon Behrami,Defensive Midfield
England,England,2750000.0,2010,David Wheater,Centre-Back
England,England,4000000.0,2010,Curtis Davies,Centre-Back
England,Greece,175000.0,2010,Míchel Madera,Central Midfield
England,England,21500000.0,2010,Darren Bent,Centre-Forward
England,Spain,350000.0,2010,Paulo da Silva,Centre-Back
England,Spain,4000000.0,2010,Emmanuel Adebayor,Centre-Forward
England,England,350000.0,2010,Wayne Bridge,Left-Back
England,England,1200000.0,2010,Robbie Keane,Centre-Forward
England,Spain,300000.0,2010,Giovani dos Santos,Second Striker
England,England,41000000.0,2010,Andy Carroll,Centre-Forward
England,England,58500000.0,2010,Fernando Torres,Centre-Forward
England,Germany,7000000.0,2010,Ryan Babel,Left Winger
England,England,1200000.0,2010,Yakubu Aiyegbeni,Centre-Forward
England,England,11000000.0,2015,Asmir Begovic,Goalkeeper
England,Spain,16000000.0,2015,Filipe Luís,Left-Back
England,England,14000000.0,2015,Petr Cech,Goalkeeper
England,England,7000000.0,2015,Oriol Romeu,Defensive Midfield
England,Spain,6000000.0,2015,Gaël Kakuta,Attacking Midfield
England,England,1040000.0,2015,Josh McEachran,Central Midfield
England,Italy,250000.0,2015,Nathaniel Chalobah,Defensive Midfield
England,England,63700000.0,2015,Raheem Sterling,Right Winger
England,England,11500000.0,2015,Fabian Delph,Central Midfield
England,England,7200000.0,2015,Patrick Roberts,Right Winger
England,France,12000000.0,2015,Rony Lopes,Right Winger
England,France,5000000.0,2015,Karim Rekik,Centre-Back
England,Scotland,2000000.0,2015,Dedryck Boyata,Centre-Back
England,Spain,500000.0,2015,José Pozo,Attacking Midfield
England,England,14000000.0,2015,Petr Cech,Goalkeeper
England,Türkiye,2500000.0,2015,Lukas Podolski,Centre-Forward
England,England,35000000.0,2015,Morgan Schneiderlin,Defensive Midfield
England,France,63000000.0,2015,Ángel Di María,Right Winger
England,Germany,12000000.0,2015,Chicharito,Centre-Forward
England,England,8300000.000000001,2015,Jonny Evans,Centre-Back
England,Türkiye,6500000.0,2015,Robin van Persie,Centre-Forward
England,Türkiye,6000000.0,2015,Nani,Left Winger
England,France,3200000.0,2015,Rafael,Right-Back
England,England,4900000.0,2015,Kieran Trippier,Right-Back
England,Spain,16000000.0,2015,Roberto Soldado,Centre-Forward
England,China,14000000.0,2015,Paulinho,Central Midfield
England,England,8900000.0,2015,Étienne Capoue,Defensive Midfield
England,France,8600000.0,2015,Benjamin Stambouli,Defensive Midfield
England,Italy,7000000.0,2015,Vlad Chiricheș,Defensive Midfield
England,England,4300000.0,2015,Younès Kaboul,Centre-Back
England,England,250000.0,2015,Ryan Fredericks,Right-Back
England,England,46500000.0,2015,Christian Benteke,Centre-Forward
England,England,17700000.0,2015,Nathaniel Clyne,Right-Back
England,England,8300000.000000001,2015,Danny Ings,Centre-Forward
England,England,4900000.0,2015,Joe Gomez,Centre-Back
England,England,63700000.0,2015,Raheem Sterling,Right Winger
England,England,4200000.0,2015,Rickie Lambert,Centre-Forward
England,England,1800000.0,2015,Andre Wisdom,Right-Back
England,England,350000.0,2015,Tiago Ilori,Centre-Back
England,England,7000000.0,2015,Oriol Romeu,Defensive Midfield
England,England,1700000.0,2015,Steven Caulker,Centre-Back
England,England,35000000.0,2015,Morgan Schneiderlin,Defensive Midfield
England,England,17700000.0,2015,Nathaniel Clyne,Right-Back
England,England,350000.0,2015,Oli McBurnie,Centre-Forward
England,England,11000000.0,2015,Asmir Begovic,Goalkeeper
England,Spain,8000000.0,2015,Steven Nzonzi,Defensive Midfield
England,England,10000000.0,2015,Connor Wickham,Centre-Forward
England,England,4900000.0,2015,Alex McCarthy,Goalkeeper
England,England,5400000.0,2015,Glenn Murray,Centre-Forward
England,England,1400000.0,2015,Mason Holgate,Centre-Back
England,England,9500000.0,2015,Michail Antonio,Centre-Forward
England,England,4100000.0,2015,Nikica Jelavic,Centre-Forward
England,England,7900000.0,2015,Stewart Downing,Left Midfield
England,Saudi Arabia,4000000.0,2015,Modibo Maïga,Centre-Forward
England,England,11300000.0,2015,James Chester,Centre-Back
England,England,8300000.000000001,2015,Jonny Evans,Centre-Back
England,England,4200000.0,2015,Rickie Lambert,Centre-Forward
England,England,2100000.0,2015,James McClean,Left Midfield
England,Greece,5420000.0,2015,Brown Ideye,Centre-Forward
England,England,1400000.0,2015,Joleon Lescott,Centre-Back
England,England,5600000.0,2015,David Nugent,Centre-Forward
England,England,3600000.0,2015,Chris Wood,Centre-Forward
England,England,360000.0,2015,Ivan Toney,Centre-Forward
England,France,600000.0,2015,Rémy Cabella,Attacking Midfield
England,England,4300000.0,2015,Younès Kaboul,Centre-Back
England,England,10000000.0,2015,Connor Wickham,Centre-Forward
England,England,500000.0,2015,El-Hadji Ba,Central Midfield
England,Italy,250000.0,2015,Emanuele Giaccherini,Left Midfield
England,England,8500000.0,2015,Rudy Gestede,Centre-Forward
England,England,1400000.0,2015,Joleon Lescott,Centre-Back
England,England,350000.0,2015,Tiago Ilori,Centre-Back
England,England,46500000.0,2015,Christian Benteke,Centre-Forward
England,England,11500000.0,2015,Fabian Delph,Central Midfield
England,England,3800000.0,2015,Andreas Weimann,Attacking Midfield
England,France,1500000.0,2015,Yacouba Sylla,Defensive Midfield
England,England,1400000.0,2015,Matthew Lowton,Right-Back
England,England,11300000.0,2015,Tyrone Mings,Centre-Back
England,England,5400000.0,2015,Glenn Murray,Centre-Forward
England,England,4300000.0,2015,Lee Tomlin,Second Striker
England,England,8900000.0,2015,Étienne Capoue,Defensive Midfield
England,England,4120000.0,2015,Fernando Forestieri,Second Striker
England,England,2700000.0,2015,Matej Vydra,Centre-Forward
England,England,430000.0,2015,Lewis McGugan,Central Midfield
England,England,9900000.0,2015,Robbie Brady,Left Midfield
England,England,4100000.0,2015,Graham Dorrans,Central Midfield
England,England,1800000.0,2015,Andre Wisdom,Right-Back
England,England,8100000.0,2015,Bradley Johnson,Central Midfield
England,England,67800000.0,2018,Riyad Mahrez,Right Winger
England,England,11300000.0,2018,Angus Gunn,Goalkeeper
England,France,10000000.0,2018,Jason Denayer,Centre-Back
England,Germany,9000000.0,2018,Pablo Maffeo,Right-Back
England,England,3900000.0,2018,Joe Hart,Goalkeeper
England,England,3400000.0,2018,Bersant Celina,Attacking Midfield
England,England,1700000.0,2018,Lee Grant,Goalkeeper
England,Netherlands,16000000.0,2018,Daley Blind,Centre-Back
England,England,7350000.0,2018,Sam Johnstone,Goalkeeper
England,England,14700000.0,2018,Xherdan Shaqiri,Attacking Midfield
England,England,14000000.0,2018,Danny Ward,Goalkeeper
England,Türkiye,2500000.0,2018,Loris Karius,Goalkeeper
England,Italy,1520000.0,2018,Ragnar Klavan,Centre-Back
England,England,1100000.0,2018,Harry Wilson,Right Winger
England,Spain,35000000.0,2018,Thibaut Courtois,Goalkeeper
England,England,7900000.0,2018,Kurt Zouma,Centre-Back
England,Spain,3000000.0,2018,Michy Batshuayi,Centre-Forward
England,Italy,2500000.0,2018,Mario Pasalic,Central Midfield
England,France,300000.0,2018,Matt Miazga,Centre-Back
England,England,4400000.0,2018,Lucas Pérez,Centre-Forward
England,Greece,2200000.0,2018,Chuba Akpom,Centre-Forward
England,Italy,1500000.0,2018,Joel Campbell,Right Winger
England,Germany,1000000.0,2018,Takuma Asano,Right Winger
England,England,16900000.0,2018,Ben Gibson,Centre-Back
England,England,12200000.0,2018,Matej Vydra,Centre-Forward
England,England,3900000.0,2018,Joe Hart,Goalkeeper
England,England,39200000.0,2018,Richarlison,Centre-Forward
England,England,7900000.0,2018,Kurt Zouma,Centre-Back
England,Germany,13500000.0,2018,Davy Klaassen,Central Midfield
England,Spain,9000000.0,2018,Ramiro Funes Mori,Centre-Back
England,Türkiye,800000.0,2018,Henry Onyekuru,Left Winger
England,Italy,750000.0,2018,Kevin Mirallas,Right Winger
England,England,25000000.0,2018,James Maddison,Attacking Midfield
England,England,14000000.0,2018,Danny Ward,Goalkeeper
England,England,4000000.0,2018,Jonny Evans,Centre-Back
England,England,67800000.0,2018,Riyad Mahrez,Right Winger
England,Saudi Arabia,16500000.0,2018,Ahmed Musa,Left Winger
England,Türkiye,1500000.0,2018,Islam Slimani,Centre-Forward
England,England,6700000.0,2018,Federico Fernández,Centre-Back
England,England,2200000.0,2018,Salomón Rondón,Centre-Forward
England,Spain,12000000.0,2018,Mikel Merino,Central Midfield
England,Portugal,4660000.0,2018,Chancel Mbemba,Centre-Back
England,France,4000000.0,2018,Matz Sels,Goalkeeper
England,England,2000000.0,2018,Dwight Gayle,Centre-Forward
England,Türkiye,900000.0,2018,Henri Saivet,Attacking Midfield
England,England,390000.0,2018,Ivan Toney,Centre-Forward
England,England,10700000.0,2018,Cheikhou Kouyaté,Defensive Midfield
England,England,11300000.0,2018,David Brooks,Right Winger
England,England,6800000.0,2018,Lewis Grabban,Centre-Forward
England,England,8000000.0,2018,Lukasz Fabianski,Goalkeeper
England,England,4400000.0,2018,Lucas Pérez,Centre-Forward
England,England,10700000.0,2018,Cheikhou Kouyaté,Defensive Midfield
England,England,1700000.0,2018,Reece Burke,Centre-Back
England,Italy,865000.0,2018,Edimilson Fernandes,Defensive Midfield
England,England,2800000.0,2018,Ben Foster,Goalkeeper
England,England,1700000.0,2018,Ben Wilmot,Centre-Back
England,England,39200000.0,2018,Richarlison,Centre-Forward
England,Saudi Arabia,8500000.0,2018,Nordin Amrabat,Right Winger
England,Germany,300000.0,2018,Dodi Lukébakio,Right Winger
England,England,4500000.0,2018,David Button,Goalkeeper
England,England,3900000.0,2018,Sam Baldock,Centre-Forward
England,Scotland,3400000.0,2018,Connor Goldson,Centre-Back
England,England,1000000.0,2018,Jiri Skalak,Left Winger
England,England,6500000.0,2018,Ramadan Sobhi,Attacking Midfield
England,England,11200000.0,2018,Tom Ince,Right Winger
England,England,330000.0,2018,Michael Hefele,Centre-Back
England,England,11300000.0,2018,Angus Gunn,Goalkeeper
England,Netherlands,13700000.0,2018,Dušan Tadić,Right Winger
England,England,20000000.0,2018,Adama Traoré,Right Winger
England,England,11400000.0,2018,Benik Afobe,Centre-Forward
England,England,4750000.0,2018,Maximilian Kilman,Centre-Back
England,England,3400000.0,2018,Barry Douglas,Left-Back
England,England,1700000.0,2018,Ben Marshall,Right Midfield
England,France,500000.0,2018,Prince Oniangué,Defensive Midfield
England,Greece,500000.0,2018,Roderick Miranda,Centre-Back
England,England,11400000.0,2018,Josh Murphy,Left Winger
England,England,11350000.0,2018,Bobby De Cordova-Reid,Right Winger
England,England,4000000.0,2018,Greg Cunningham,Centre-Back
England,England,4000000.0,2018,Alex Smithies,Goalkeeper
England,England,24700000.0,2018,Aleksandar Mitrović,Centre-Forward
England,England,16850000.0,2018,Alfie Mawson,Centre-Back
England,England,6700000.0,2018,Joe Bryan,Left-Back
England,England,4500000.0,2018,David Button,Goalkeeper
England,England,17400000.0,2020,Emiliano Martínez,Goalkeeper
England,Germany,1000000.0,2020,Mattéo Guendouzi,Central Midfield
England,Germany,750000.0,2020,Konstantinos Mavropanos,Centre-Back
England,England,34000000.0,2020,Ollie Watkins,Centre-Forward
England,England,17400000.0,2020,Emiliano Martínez,Goalkeeper
England,England,15750000.0,2020,Matty Cash,Right-Back
England,China,4500000.0,2020,Aaron Mooy,Central Midfield
England,Scotland,2200000.0,2020,Shane Duffy,Centre-Back
England,England,1100000.0,2020,David Button,Goalkeeper
England,England,1100000.0,2020,Dale Stephens,Central Midfield
England,England,1100000.0,2020,Dale Stephens,Central Midfield
England,England,50200000.0,2020,Ben Chilwell,Left-Back
England,Portugal,2000000.0,2020,Malang Sarr,Centre-Back
England,Italy,1750000.0,2020,Tiemoué Bakayoko,Defensive Midfield
England,England,17800000.0,2020,Eberechi Eze,Attacking Midfield
England,England,1100000.0,2020,Jack Butland,Goalkeeper
England,Germany,20000000.0,2020,Alexander Sørloth,Centre-Forward
England,England,27500000.0,2020,Ben Godfrey,Centre-Back
England,England,22000000.0,2020,Abdoulaye Doucouré,Central Midfield
England,France,2230000.0,2020,Morgan Schneiderlin,Defensive Midfield
England,England,2200000.0,2020,Kieran Dowell,Attacking Midfield
England,England,11700000.0,2020,Anthony Knockaert,Right Winger
England,England,6500000.0,2020,Harrison Reed,Central Midfield
England,England,4400000.0,2020,Terence Kongolo,Centre-Back
England,England,2200000.0,2020,Mario Lemina,Defensive Midfield
England,England,2100000.0,2020,Antonee Robinson,Left-Back
England,England,17700000.0,2020,Hélder Costa,Right Winger
England,England,1000000.0,2020,Joe Gelhardt,Centre-Forward
England,England,50200000.0,2020,Ben Chilwell,Left-Back
England,Türkiye,1570000.0,2020,Fousseni Diabaté,Right Winger
England,England,44700000.0,2020,Diogo Jota,Centre-Forward
England,Russia,12000000.0,2020,Dejan Lovren,Centre-Back
England,England,1300000.0,2020,Harry Wilson,Right Winger
England,England,45300000.0,2020,Nathan Aké,Centre-Back
England,Germany,49000000.0,2020,Leroy Sané,Right Winger
England,Portugal,15000000.0,2020,Nicolás Otamendi,Centre-Back
England,Italy,500000.0,2020,Diogo Dalot,Right-Back
England,England,22250000.0,2020,Callum Wilson,Centre-Forward
England,England,16500000.0,2020,Jamal Lewis,Left-Back
England,England,20500000.0,2020,Aaron Ramsdale,Goalkeeper
England,England,6500000.0,2020,Oliver Burke,Centre-Forward
England,England,3850000.0,2020,Jayden Bogle,Right-Back
England,England,3850000.0,2020,Max Lowe,Left-Back
England,England,16600000.000000002,2020,Pierre-Emile Højbjerg,Defensive Midfield
England,England,2200000.0,2020,Mario Lemina,Defensive Midfield
England,Italy,1000000.0,2020,Wesley Hoedt,Centre-Back
England,England,16800000.0,2020,Matt Doherty,Right-Back
England,England,16600000.000000002,2020,Pierre-Emile Højbjerg,Defensive Midfield
England,England,12100000.0,2020,Joe Rodon,Centre-Back
England,England,16500000.0,2020,Karlan Grant,Centre-Forward
England,England,13500000.0,2020,Grady Diangana,Right Winger
England,England,1100000.0,2020,David Button,Goalkeeper
England,England,1100000.0,2020,Cédric Kipré,Centre-Back
England,England,6500000.0,2020,Oliver Burke,Centre-Forward
England,England,1100000.0,2020,Jonathan Leko,Right Winger
England,Saudi Arabia,500000.0,2020,Ahmed Hegazy,Centre-Back
England,England,4400000.0,2020,Saïd Benrahma,Left Winger
England,Scotland,5500000.0,2020,Albian Ajeti,Centre-Forward
England,England,3300000.0,2020,Jordan Hugill,Centre-Forward
England,Belgium,500000.0,2020,Josh Cullen,Central Midfield
England,England,44700000.0,2020,Diogo Jota,Centre-Forward
England,England,16800000.0,2020,Matt Doherty,Right-Back
England,Germany,2000000.0,2020,Demarai Gray,Left Winger
England,England,1850000.0,2020,Ben Davies,Centre-Back
England,England,2300000.0,2020,Jesse Lingard,Attacking Midfield
England,Germany,1700000.0,2020,Timothy Fosu-Mensah,Right-Back
England,England,110000.0,2020,Robert Snodgrass,Right Winger
England,England,2300000.0,2020,Jesse Lingard,Attacking Midfield
England,Netherlands,22500000.0,2020,Sébastien Haller,Centre-Forward
England,England,110000.0,2020,Robert Snodgrass,Right Winger
England,England,52200000.0,2022,Gabriel Jesus,Centre-Forward
England,England,35000000.0,2022,Oleksandr Zinchenko,Left-Back
England,Türkiye,6000000.0,2022,Lucas Torreira,Defensive Midfield
England,England,3600000.0,2022,Bernd Leno,Goalkeeper
England,England,15000000.0,2022,Leander Dendoncker,Defensive Midfield
England,England,18000000.0,2022,Carney Chukwuemeka,Central Midfield
England,Türkiye,4000000.0,2022,Mahmoud Trezeguet,Left Winger
England,Netherlands,2500000.0,2022,Anwar El Ghazi,Right Winger
England,England,11900000.0,2022,Marcus Tavernier,Left Winger
England,England,19000000.0,2022,Keane Lewis-Potter,Left-Back
England,England,3600000.0,2022,Marcus Forss,Centre-Forward
England,England,8300000.000000001,2022,Billy Gilmour,Defensive Midfield
England,England,65300000.0,2022,Marc Cucurella,Left-Back
England,England,29200000.0,2022,Yves Bissouma,Defensive Midfield
England,England,11800000.0,2022,Neal Maupay,Centre-Forward
England,Italy,5500000.0,2022,Leo Østigård,Centre-Back
England,England,2600000.0,2022,Matt Clarke,Centre-Back
England,England,80400000.0,2022,Wesley Fofana,Centre-Back
England,England,65300000.0,2022,Marc Cucurella,Left-Back
England,England,56200000.0,2022,Raheem Sterling,Right Winger
England,England,18000000.0,2022,Carney Chukwuemeka,Central Midfield
England,Germany,20000000.0,2022,Timo Werner,Left Winger
England,England,15400000.0,2022,Emerson,Left-Back
England,England,8300000.000000001,2022,Billy Gilmour,Defensive Midfield
England,Italy,7860000.0,2022,Romelu Lukaku,Centre-Forward
England,Türkiye,3500000.0,2022,Michy Batshuayi,Centre-Forward
England,France,1000000.0,2022,Malang Sarr,Centre-Back
England,Spain,500000.0,2022,Kenedy,Left Winger
England,United States,5460000.0,2022,Christian Benteke,Centre-Forward
England,England,17000000.0,2022,Dwight McNeil,Left Winger
England,England,11800000.0,2022,Neal Maupay,Centre-Forward
England,England,10400000.0,2022,James Garner,Defensive Midfield
England,England,58000000.0,2022,Richarlison,Centre-Forward
England,England,17800000.0,2022,Issa Diop,Centre-Back
England,England,9500000.0,2022,Andreas Pereira,Attacking Midfield
England,England,3600000.0,2022,Bernd Leno,Goalkeeper
England,Italy,16000000.0,2022,Frank Anguissa,Central Midfield
England,England,9400000.0,2022,Fábio Carvalho,Attacking Midfield
England,Spain,58000000.0,2022,Raphinha,Left Winger
England,England,49000000.0,2022,Kalvin Phillips,Defensive Midfield
England,Saudi Arabia,4800000.0,2022,Hélder Costa,Right Winger
England,England,1200000.0,2022,Leif Davis,Left-Back
England,England,80400000.0,2022,Wesley Fofana,Centre-Back
England,France,1000000.0,2022,Kasper Schmeichel,Goalkeeper
England,England,9400000.0,2022,Fábio Carvalho,Attacking Midfield
England,Germany,32000000.0,2022,Sadio Mané,Left Winger
England,England,20000000.0,2022,Neco Williams,Right-Back
England,France,15000000.0,2022,Takumi Minamino,Left Winger
England,Scotland,4700000.0,2022,Ben Davies,Centre-Back
England,England,49000000.0,2022,Kalvin Phillips,Defensive Midfield
England,England,56200000.0,2022,Raheem Sterling,Right Winger
England,England,52200000.0,2022,Gabriel Jesus,Centre-Forward
England,England,35000000.0,2022,Oleksandr Zinchenko,Left-Back
England,Germany,5000000.0,2022,Ko Itakura,Centre-Back
England,England,3000000.0,2022,Arijanet Muric,Goalkeeper
England,England,2300000.0,2022,Martin Dúbravka,Goalkeeper
England,England,10400000.0,2022,James Garner,Defensive Midfield
England,England,9500000.0,2022,Andreas Pereira,Attacking Midfield
England,France,2000000.0,2022,Eric Bailly,Centre-Back
England,England,11500000.0,2022,Nick Pope,Goalkeeper
England,England,2300000.0,2022,Martin Dúbravka,Goalkeeper
England,England,600000.0,2022,Isaac Hayden,Defensive Midfield
England,England,29500000.0,2022,Morgan Gibbs-White,Attacking Midfield
England,England,20000000.0,2022,Neco Williams,Right-Back
England,England,9400000.0,2022,Lewis O'Brien,Central Midfield
England,England,2600000.0,2022,Willy Boly,Centre-Back
England,England,2400000.0,2022,Harry Toffolo,Left-Back
England,England,2300000.0,2022,Josh Bowler,Right Winger
England,France,5000000.0,2022,Brice Samba,Goalkeeper
England,Spain,5500000.0,2022,Oriol Romeu,Defensive Midfield
England,England,58000000.0,2022,Richarlison,Centre-Forward
England,England,29200000.0,2022,Yves Bissouma,Defensive Midfield
England,England,14700000.0,2022,Djed Spence,Left-Back
England,Netherlands,31250000.0,2022,Steven Bergwijn,Left Winger
England,Italy,500000.0,2022,Tanguy Ndombélé,Central Midfield
England,England,20700000.0,2022,Maxwel Cornet,Left Winger
England,England,15400000.0,2022,Emerson,Left-Back
England,England,10650000.0,2022,Flynn Downes,Defensive Midfield
England,England,17800000.0,2022,Issa Diop,Centre-Back
England,England,24300000.0,2022,Nathan Collins,Centre-Back
England,England,29500000.0,2022,Morgan Gibbs-White,Attacking Midfield
England,England,15000000.0,2022,Leander Dendoncker,Defensive Midfield
England,England,2600000.0,2022,Willy Boly,Centre-Back
England,Germany,320000.0,2000,José Dominguez,Left Winger
England,Germany,300000.0,2001,Guy Demel,Right-Back
England,Germany,900000.0,2001,Stefan Malz,Left-Back
England,Germany,1000000.0,2001,Rigobert Song,Centre-Back
England,Germany,500000.0,2002,Mikael Forssell,Centre-Forward
England,Germany,1250000.0,2003,Niclas Jensen,Left-Back
England,Germany,723000.0,2003,Lucién Mettomo,Centre-Back
England,Germany,200000.0,2003,Boris Zivkovic,Right-Back
England,Germany,200000.0,2004,Marcus Allbäck,Centre-Forward
England,Germany,2500000.0,2005,Thimothée Atouba,Left-Back
England,Germany,100000.0,2005,Reto Ziegler,Centre-Back
England,Germany,200000.0,2005,Thomas Helveg,Right-Back
England,Germany,325000.0,2005,Jelle Van Damme,Centre-Back
England,Germany,300000.0,2006,Sebastian Svärd,Defensive Midfield
England,Germany,200000.0,2007,Rudi Skacel,Left Midfield
England,Germany,500000.0,2008,Young-pyo Lee,Left-Back
England,Germany,5000000.0,2008,Khalid Boulahrouz,Centre-Back
England,Germany,2000000.0,2008,Claudio Pizarro,Centre-Forward
England,Germany,100000.0,2008,Kevin-Prince Boateng,Attacking Midfield
England,Germany,2500000.0,2008,Leon Andreasen,Central Midfield
England,Germany,10500000.0,2009,Obafemi Martins,Centre-Forward
England,Germany,300000.0,2009,Heinz Müller,Goalkeeper
England,Germany,150000.0,2009,Håvard Nordtveit,Defensive Midfield
England,Germany,500000.0,2009,Zoran Tosic,Right Winger
England,Germany,250000.0,2010,Robert Mak,Left Winger
England,Germany,5200000.0,2010,Gylfi Sigurdsson,Attacking Midfield
England,Germany,150000.0,2010,Christopher Buchtmann,Central Midfield
England,Germany,4500000.0,2010,Tuncay Şanlı,Left Winger
England,Germany,7000000.0,2010,Ryan Babel,Left Winger
England,Germany,13500000.0,2011,Jérôme Boateng,Centre-Back
England,Germany,4300000.0,2011,Gökhan Töre,Right Winger
England,Germany,2500000.0,2011,Michael Mancienne,Centre-Back
England,Germany,2000000.0,2011,Slobodan Rajković,Centre-Back
England,Germany,500000.0,2011,Jeffrey Bruma,Centre-Back
England,Germany,100000.0,2011,Jacopo Sala,Central Midfield
England,Germany,100000.0,2011,Joshua King,Centre-Forward
England,Germany,550000.0,2011,Vedran Corluka,Centre-Back
England,Germany,1800000.0,2011,Mame Diouf,Centre-Forward
England,Germany,13000000.0,2012,Rafael van der Vaart,Attacking Midfield
England,Germany,450000.0,2012,Kevin De Bruyne,Attacking Midfield
England,Germany,400000.0,2012,Johan Djourou,Centre-Back
England,Germany,300000.0,2012,Federico Macheda,Centre-Forward
England,Germany,50000.0,2012,Dong-won Ji,Centre-Forward
England,Germany,400000.0,2012,Heurelho Gomes,Goalkeeper
England,Germany,200000.0,2013,Francis Coquelin,Defensive Midfield
England,Germany,22000000.0,2013,Kevin De Bruyne,Attacking Midfield
England,Germany,32000000.0,2014,André Schürrle,Left Winger
England,Germany,1500000.0,2014,Mats Møller Dæhli,Central Midfield
England,Germany,8000000.0,2015,Thorgan Hazard,Left Winger
England,Germany,12000000.0,2015,Chicharito,Centre-Forward
England,Germany,6500000.0,2015,Lewis Holtby,Central Midfield
England,Germany,400000.0,2015,Papy Djilobodji,Centre-Back
England,Germany,100000.0,2015,Gerhard Tremmel,Goalkeeper
England,Germany,500000.0,2016,Abdul Rahman Baba,Left-Back
England,Germany,1500000.0,2016,Philipp Wollscheid,Centre-Back
England,Germany,5000000.0,2016,Serge Gnabry,Left Winger
England,Germany,15200000.0,2016,Oliver Burke,Centre-Forward
England,Germany,8000000.0,2017,Håvard Nordtveit,Defensive Midfield
England,Germany,500000.0,2017,Bartosz Kapustka,Attacking Midfield
England,Germany,300000.0,2017,Yuning Zhang,Centre-Forward
England,Germany,3000000.0,2017,Viktor Fischer,Left Winger
England,Germany,6500000.0,2017,Divock Origi,Centre-Forward
England,Germany,4000000.0,2017,Ron-Robert Zieler,Goalkeeper
England,Germany,9000000.0,2018,Pablo Maffeo,Right-Back
England,Germany,1000000.0,2018,Marko Grujić,Defensive Midfield
England,Germany,13500000.0,2018,Davy Klaassen,Central Midfield
England,Germany,300000.0,2018,Stefanos Kapino,Goalkeeper
England,Germany,1500000.0,2018,Kevin Wimmer,Centre-Back
England,Germany,1000000.0,2018,Takuma Asano,Right Winger
England,Germany,300000.0,2018,Dodi Lukébakio,Right Winger
England,Germany,500000.0,2018,Reece Oxford,Centre-Back
England,Germany,18000000.0,2019,Ademola Lookman,Second Striker
England,Germany,650000.0,2019,Ethan Ampadu,Centre-Back
England,Germany,20000000.0,2019,Dodi Lukébakio,Right Winger
England,Germany,7500000.0,2019,Edimilson Fernandes,Defensive Midfield
England,Germany,500000.0,2019,Taiwo Awoniyi,Centre-Forward
England,Germany,2000000.0,2019,Angeliño,Left-Back
England,Germany,200000.0,2019,Dennis Srbeny,Centre-Forward
England,Germany,49000000.0,2020,Leroy Sané,Right Winger
England,Germany,30150000.0,2020,Jude Bellingham,Attacking Midfield
England,Germany,20000000.0,2020,Alexander Sørloth,Centre-Forward
England,Germany,1000000.0,2020,Mattéo Guendouzi,Central Midfield
England,Germany,750000.0,2020,Konstantinos Mavropanos,Centre-Back
England,Germany,32000000.0,2022,Sadio Mané,Left Winger
England,Germany,20000000.0,2022,Timo Werner,Left Winger
England,Germany,5000000.0,2022,Ko Itakura,Centre-Back
England,Germany,95000000.0,2023,Harry Kane,Centre-Forward
England,Germany,23300000.0,2023,Nathan Tella,Right Midfield
England,Germany,15000000.0,2023,Granit Xhaka,Defensive Midfield
England,Germany,5000000.0,2023,Matej Kovar,Goalkeeper
England,Germany,500000.0,2023,Robin Koch,Centre-Back
England,Germany,500000.0,2023,Maximilian Wöber,Centre-Back
England,Germany,1500000.0,2023,Wout Weghorst,Centre-Forward
England,Germany,700000.0,2023,Deniz Undav,Centre-Forward
England,Germany,3500000.0,2023,Eric Dier,Centre-Back
England,Germany,2300000.0,2023,Ian Maatsen,Left-Back
England,Germany,3000000.0,2023,Donny van de Beek,Central Midfield
England,Germany,9000000.0,2024,Ameen Al-Dakhil,Centre-Back
England,Germany,53000000.0,2024,Michael Olise,Right Winger
England,Germany,51000000.0,2024,João Palhinha,Defensive Midfield
England,Germany,7000000.0,2024,Pascal Groß,Central Midfield
England,Germany,4000000.0,2024,Yan Couto,Right-Back
England,Germany,400000.0,2024,Koji Miyoshi,Right Midfield
England,Germany,600000.0,2024,Fin Stevens,Right-Back
England,Germany,400000.0,2024,Scott Banks,Right Winger
England,Germany,10000000.0,2025,Mark Flekken,Goalkeeper
England,Germany,30500000.0,2025,Jobe Bellingham,Central Midfield
England,Germany,3000000.0,2014,Pepe Reina,Goalkeeper
England,Germany,8000000.0,2014,Shinji Kagawa,Attacking Midfield
England,Germany,800000.0,2014,Lucas Piazón,Attacking Midfield
England,Germany,350000.0,2014,Sascha Riether,Right-Back
England,Germany,250000.0,2014,Oriol Romeu,Defensive Midfield
England,Germany,200000.0,2014,Tomas Kalas,Centre-Back
England,Germany,1500000.0,2017,Michy Batshuayi,Centre-Forward
England,Germany,2000000.0,2020,Demarai Gray,Left Winger
England,Germany,1700000.0,2020,Timothy Fosu-Mensah,Right-Back
England,Germany,2400000.0,2024,Carney Chukwuemeka,Central Midfield
England,Spain,3500000.0,2000,Didier Deschamps,Defensive Midfield
England,Spain,29300000.0,2000,Marc Overmars,Left Winger
England,Spain,15000000.0,2000,Emmanuel Petit,Defensive Midfield
England,Spain,3800000.0,2001,Sylvinho,Left-Back
England,Spain,1800000.0,2001,John Aloisi,Centre-Forward
England,Spain,5000000.0,2001,Sander Westerveld,Goalkeeper
England,Spain,37500000.0,2003,David Beckham,Central Midfield
England,Spain,2000000.0,2004,Jesper Grønkjaer,Left Winger
England,Spain,3400000.0,2004,Thomas Gravesen,Defensive Midfield
England,Spain,9000000.0,2005,Mateja Kežman,Centre-Forward
England,Spain,6500000.0,2005,Frédéric Kanouté,Centre-Forward
England,Spain,250000.0,2006,Mathieu Berson,Defensive Midfield
England,Spain,125000.0,2006,Florent Sinama-Pongolle,Second Striker
England,Spain,2900000.0,2006,Pascal Cygan,Centre-Back
England,Spain,7500000.0,2006,Asier del Horno,Left-Back
England,Spain,5000000.0,2006,Fernando Morientes,Centre-Forward
England,Spain,2500000.0,2006,Antonio Barragán,Right-Back
England,Spain,15000000.0,2006,Ruud van Nistelrooy,Centre-Forward
England,Spain,12000000.0,2006,Eidur Gudjohnsen,Centre-Forward
England,Spain,17000000.0,2008,Aleksandr Hleb,Attacking Midfield
England,Spain,5000000.0,2008,Gerard Piqué,Centre-Back
England,Spain,20000000.0,2008,Lassana Diarra,Defensive Midfield
England,Spain,1500000.0,2008,Julien Faubert,Right-Back
England,Spain,1000000.0,2009,Ben Sahar,Centre-Forward
England,Spain,94000000.0,2009,Cristiano Ronaldo,Centre-Forward
England,Spain,34500000.0,2009,Xabi Alonso,Defensive Midfield
England,Spain,4000000.0,2009,Álvaro Arbeloa,Right-Back
England,Spain,9000000.0,2009,Didier Zokora,Defensive Midfield
England,Spain,2750000.0,2009,Manucho,Centre-Forward
England,Spain,8000000.0,2010,Ricardo Carvalho,Centre-Back
England,Spain,20000000.0,2010,Javier Mascherano,Defensive Midfield
England,Spain,300000.0,2010,Giovani dos Santos,Second Striker
England,Spain,4000000.0,2010,Emmanuel Adebayor,Centre-Forward
England,Spain,350000.0,2010,Paulo da Silva,Centre-Back
England,Spain,1200000.0,2011,Thibaut Courtois,Goalkeeper
England,Spain,340000.0,2011,Pedro Botelho,Left-Back
England,Spain,1500000.0,2011,Roque Santa Cruz,Centre-Forward
England,Spain,285000.0,2011,Antonio Amaya,Centre-Back
England,Spain,34000000.0,2011,Cesc Fàbregas,Central Midfield
England,Spain,500000.0,2012,Chu-young Park,Centre-Forward
England,Spain,35000000.0,2012,Luka Modrić,Central Midfield
England,Spain,1000000.0,2012,Giovani dos Santos,Second Striker
England,Spain,19000000.0,2012,Alex Song,Defensive Midfield
England,Spain,1000000.0,2013,Oriol Romeu,Defensive Midfield
England,Spain,101000000.0,2013,Gareth Bale,Right Winger
England,Spain,750000.0,2013,Daniel Carriço,Centre-Back
England,Spain,81720000.0,2014,Luis Suárez,Centre-Forward
England,Spain,19000000.0,2014,Thomas Vermaelen,Centre-Back
England,Spain,3000000.0,2014,Chicharito,Centre-Forward
England,Spain,1000000.0,2014,Joel Campbell,Right Winger
England,Spain,16000000.0,2015,Filipe Luís,Left-Back
England,Spain,8000000.0,2015,Steven Nzonzi,Defensive Midfield
England,Spain,6000000.0,2015,Gaël Kakuta,Attacking Midfield
England,Spain,16000000.0,2015,Roberto Soldado,Centre-Forward
England,Spain,2000000.0,2015,Kike García,Centre-Forward
England,Spain,1200000.0,2016,José Manuel Jurado,Attacking Midfield
England,Spain,1500000.0,2016,Florian Lejeune,Centre-Back
England,Spain,300000.0,2016,Fernando Amorebieta,Centre-Back
England,Spain,800000.0,2016,Raúl Albentosa,Centre-Back
England,Spain,5000000.0,2016,Juanmi,Left Winger
England,Spain,2000000.0,2016,Luis Hernández,Centre-Back
England,Spain,7000000.0,2017,Nolito,Left Winger
England,Spain,14000000.0,2017,Enes Ünal,Centre-Forward
England,Spain,8500000.0,2017,Adnan Januzaj,Right Winger
England,Spain,11000000.0,2017,Gabriel Paulista,Centre-Back
England,Spain,3000000.0,2017,Andreas Pereira,Attacking Midfield
England,Spain,4500000.0,2017,Bernardo Espinosa,Centre-Back
England,Spain,2500000.0,2017,Cristhian Stuani,Centre-Forward
England,Spain,135000000.0,2017,Philippe Coutinho,Attacking Midfield
England,Spain,60000000.0,2017,Diego Costa,Centre-Forward
England,Spain,14000000.0,2017,Francis Coquelin,Defensive Midfield
England,Spain,800000.0,2018,Kenneth Omeruo,Centre-Back
England,Spain,35000000.0,2018,Thibaut Courtois,Goalkeeper
England,Spain,12000000.0,2018,Mikel Merino,Central Midfield
England,Spain,3000000.0,2018,Michy Batshuayi,Centre-Forward
England,Spain,9000000.0,2018,Ramiro Funes Mori,Centre-Back
England,Spain,1000000.0,2018,Jordi Amat,Centre-Back
England,Spain,22000000.0,2019,Kieran Trippier,Right-Back
England,Spain,120800000.0,2019,Eden Hazard,Left Winger
England,Spain,3000000.0,2019,Allan Nyom,Right-Back
England,Spain,7750000.0,2019,Chicharito,Centre-Forward
England,Spain,250000.0,2019,Nacho Monreal,Left-Back
England,Spain,2300000.0,2019,Lucas Pérez,Centre-Forward
England,Spain,2240000.0,2019,Joselu,Centre-Forward
England,Spain,5000000.0,2019,Martin Braithwaite,Centre-Forward
England,Spain,1500000.0,2019,Chema Rodríguez,Centre-Back
England,Spain,35000000.0,2020,Álvaro Morata,Centre-Forward
England,Spain,16399999.999999998,2020,Pervis Estupiñán,Left-Back
England,Spain,10000000.0,2020,Luis Suárez,Centre-Forward
England,Spain,2700000.0,2020,Álvaro Giménez,Centre-Forward
England,Spain,2000000.0,2020,Étienne Capoue,Defensive Midfield
England,Spain,16000000.0,2021,Rafa Mir,Centre-Forward
England,Spain,500000.0,2021,Diego Rico,Left-Back
England,Spain,23500000.0,2021,Arnaut Danjuma,Left Winger
England,Spain,55000000.0,2021,Ferran Torres,Centre-Forward
England,Spain,500000.0,2021,Bryan Gil,Left Winger
England,Spain,58000000.0,2022,Raphinha,Left Winger
England,Spain,980000.0,2022,Kiko Femenía,Right-Back
England,Spain,500000.0,2022,Kenedy,Left Winger
England,Spain,100000.0,2022,Iván Sánchez,Right Winger
England,Spain,5500000.0,2022,Oriol Romeu,Defensive Midfield
England,Spain,1000000.0,2023,Kepa Arrizabalaga,Goalkeeper
England,Spain,1400000.0,2023,Kieran Tierney,Left-Back
England,Spain,250000.0,2023,Sergi Canós,Left Winger
England,Spain,8000000.0,2023,Pablo Fornals,Central Midfield
England,Spain,1530000.0,2002,Alexander Manninger,Goalkeeper
England,Spain,750000.0,2004,Paulo Wanchope,Centre-Forward
England,Spain,3200000.0,2004,Diego Forlán,Centre-Forward
England,Spain,18300000.0,2004,Jonathan Woodgate,Centre-Back
England,Spain,12000000.0,2004,Michael Owen,Centre-Forward
England,Spain,10000000.0,2007,Giuseppe Rossi,Centre-Forward
England,Spain,12000000.0,2007,José Antonio Reyes,Right Winger
England,Spain,4000000.0,2007,Luis García,Right Winger
England,Spain,35000000.0,2007,Arjen Robben,Right Winger
England,Spain,12000000.0,2007,Gabriel Heinze,Centre-Back
England,Spain,6000000.0,2007,Mark González,Left Winger
England,Spain,24000000.0,2007,Thierry Henry,Centre-Forward
England,Spain,75000000.0,2024,Julián Alvarez,Centre-Forward
England,Spain,42000000.0,2024,Conor Gallagher,Central Midfield
England,Spain,3500000.0,2024,Romain Perraud,Left-Back
England,Spain,3250000.0,2024,Diego Llorente,Centre-Back
England,Spain,8700000.0,2024,Sergio Gómez,Left Winger
England,Spain,10000000.0,2024,Willy Kambwala,Centre-Back
England,Spain,18000000.0,2024,Yáser Asprilla,Right Winger
England,Spain,500000.0,2024,Donny van de Beek,Central Midfield
England,Spain,62500000.0,2025,Dean Huijsen,Centre-Back
England,Spain,10000000.0,2025,Trent Alexander-Arnold,Right-Back
England,Spain,1500000.0,2005,Walter Pandiani,Centre-Forward
England,Spain,17000000.0,2018,Brahim Díaz,Right Winger
England,Spain,10000000.0,2018,Vicente Iborra,Defensive Midfield
England,Portugal,300000.0,2001,Silvio Maric,Attacking Midfield
England,Portugal,7500000.0,2004,Hélder Postiga,Centre-Forward
England,Portugal,405000.0,2007,Sambégou Bangoura,Centre-Forward
England,Portugal,150000.0,2008,Ricardo Batista,Goalkeeper
England,Portugal,5000000.0,2011,Nemanja Matic,Defensive Midfield
England,Portugal,1500000.0,2011,Emiliano Insúa,Left-Back
England,Portugal,3000000.0,2014,Bebé,Left Winger
England,Portugal,250000.0,2015,Sebastián Coates,Centre-Back
England,Portugal,7000000.0,2016,Konstantinos Mitroglou,Centre-Forward
England,Portugal,6000000.0,2016,Miguel Layún,Right-Back
England,Portugal,4660000.0,2018,Chancel Mbemba,Centre-Back
England,Portugal,2400000.0,2018,Tiago Ilori,Centre-Back
England,Portugal,15000000.0,2020,Nicolás Otamendi,Centre-Back
England,Portugal,2000000.0,2020,Malang Sarr,Centre-Back
England,Portugal,24000000.0,2023,Viktor Gyökeres,Centre-Forward
England,Portugal,2000000.0,2024,Zeki Amdouni,Centre-Forward
England,Portugal,890000.0,2024,Fábio Vieira,Attacking Midfield
England,France,1800000.0,2001,Frank Leboeuf,Centre-Back
England,France,370000.0,2001,Bernard Lambourde,Centre-Back
England,France,2500000.0,2006,Milan Baros,Centre-Forward
England,France,350000.0,2000,Mikkel Beck,Centre-Forward
England,France,9000000.0,2000,Marc-Vivien Foé,Defensive Midfield
England,France,6000000.0,2000,Esteban Fuertes,Centre-Forward
England,France,5340000.0,2000,Didier Domi,Left-Back
England,France,1120000.0,2002,François Grenet,Right-Back
England,France,10100000.0,2005,Tiago Mendes,Central Midfield
England,France,3000000.0,2005,Erik Edman,Left-Back
England,France,1000000.0,2006,Bruno Cheyrou,Central Midfield
England,France,1500000.0,2006,Djibril Cissé,Centre-Forward
England,France,200000.0,2006,Ulrich Le Pen,Left Midfield
England,France,3900000.0,2007,Souleymane Diawara,Centre-Back
England,France,50000.0,2007,Derek Asamoah,Second Striker
England,France,200000.0,2008,Tyrone Mears,Right-Back
England,France,3500000.0,2009,Gelson Fernandes,Defensive Midfield
England,France,500000.0,2010,John Utaka,Left Winger
England,France,2000000.0,2011,Max Gradel,Left Winger
England,France,1000000.0,2011,Chris Mavinga,Centre-Back
England,France,5000000.0,2011,Alex,Centre-Back
England,France,250000.0,2011,Elliot Grandin,Attacking Midfield
England,France,25000000.0,2013,Yohan Cabaye,Central Midfield
England,France,160000.0,2014,Sylvain Marveaux,Attacking Midfield
England,France,49500000.0,2014,David Luiz,Centre-Back
England,France,1200000.0,2014,Tongo Doumbia,Defensive Midfield
England,France,63000000.0,2015,Ángel Di María,Right Winger
England,France,8600000.0,2015,Benjamin Stambouli,Defensive Midfield
England,France,3200000.0,2015,Rafael,Right-Back
England,France,12000000.0,2015,Rony Lopes,Right Winger
England,France,5000000.0,2015,Karim Rekik,Centre-Back
England,France,600000.0,2015,Rémy Cabella,Attacking Midfield
England,France,1500000.0,2015,Yacouba Sylla,Defensive Midfield
England,France,2000000.0,2015,Andy Delort,Centre-Forward
England,France,16000000.0,2016,Memphis Depay,Centre-Forward
England,France,29300000.0,2016,Dimitri Payet,Attacking Midfield
England,France,10000000.0,2017,Bertrand Traoré,Right Winger
England,France,3000000.0,2017,Steve Mandanda,Goalkeeper
England,France,2000000.0,2017,Jordan Amavi,Left-Back
England,France,2500000.0,2017,Philipp Wollscheid,Centre-Back
England,France,1100000.0,2017,Emmanuel Rivière,Centre-Forward
England,France,1500000.0,2017,Idriss Saadi,Centre-Forward
England,France,5000000.0,2017,Diafra Sakho,Centre-Forward
England,France,500000.0,2018,Prince Oniangué,Defensive Midfield
England,France,10000000.0,2018,Jason Denayer,Centre-Back
England,France,12000000.0,2018,Nacer Chadli,Left Winger
England,France,2000000.0,2018,Fábio,Right-Back
England,France,300000.0,2018,Matt Miazga,Centre-Back
England,France,7000000.0,2018,Wahbi Khazri,Left Winger
England,France,4000000.0,2018,Matz Sels,Goalkeeper
England,France,1500000.0,2018,Josh Maja,Centre-Forward
England,France,9000000.0,2018,Cesc Fàbregas,Central Midfield
England,France,5000000.0,2019,Laurent Koscielny,Centre-Back
England,France,2000000.0,2019,Bruno Ecuele Manga,Centre-Back
England,France,13500000.0,2019,Henry Onyekuru,Left Winger
England,France,3000000.0,2019,Tiemoué Bakayoko,Defensive Midfield
England,France,30000000.0,2019,Idrissa Gueye,Defensive Midfield
England,France,2230000.0,2020,Morgan Schneiderlin,Defensive Midfield
England,France,5000000.0,2020,Steve Mounié,Centre-Forward
England,France,3000000.0,2020,Bersant Celina,Attacking Midfield
England,France,3000000.0,2020,Niclas Eliasson,Right Midfield
England,France,6000000.0,2021,Xherdan Shaqiri,Attacking Midfield
England,France,500000.0,2021,Emerson,Left-Back
England,France,5500000.0,2021,Mario Lemina,Defensive Midfield
England,France,1420000.0,2021,Tanguy Ndombélé,Central Midfield
England,France,2000000.0,2022,Eric Bailly,Centre-Back
England,France,15000000.0,2022,Takumi Minamino,Left Winger
England,France,1000000.0,2022,Malang Sarr,Centre-Back
England,France,1000000.0,2022,Kasper Schmeichel,Goalkeeper
England,France,5000000.0,2022,Brice Samba,Goalkeeper
England,France,2000000.0,2022,Moussa Sissoko,Central Midfield
England,France,2300000.0,2022,Pierre Lees-Melou,Defensive Midfield
England,France,17000000.0,2023,Iliman Ndiaye,Left Winger
England,France,13000000.0,2023,Ismaïla Sarr,Attacking Midfield
England,France,30000000.0,2023,Folarin Balogun,Centre-Forward
England,France,15000000.0,2023,Mohammed Salisu,Centre-Back
England,France,2800000.0,2023,Diego Moreira,Left Midfield
England,France,1540000.0,2023,Duje Caleta-Car,Centre-Back
England,France,1900000.0,2023,Reda Khadra,Attacking Midfield
England,France,300000.0,2023,Marquinhos,Right Winger
England,France,1800000.0,2023,Benjamin Tetteh,Centre-Forward
England,France,500000.0,2023,Thilo Kehrer,Centre-Back
England,France,11700000.0,2023,Orel Mangala,Defensive Midfield
England,France,6000000.0,2023,Saïd Benrahma,Left Winger
England,France,31900000.0,2024,Moussa Niakhaté,Centre-Back
England,France,5000000.0,2024,Anass Zaroury,Attacking Midfield
England,France,26000000.0,2024,Mason Greenwood,Right Winger
England,France,12000000.0,2024,Ismaël Koné,Central Midfield
England,France,2000000.0,2024,Jonathan Rowe,Left Winger
England,France,500000.0,2024,Neal Maupay,Centre-Forward
England,France,10000000.0,2024,Glen Kamara,Central Midfield
England,France,5000000.0,2024,Jordan James,Central Midfield
England,France,4500000.0,2024,Charlie Cresswell,Centre-Back
England,France,12000000.0,2024,Sékou Mara,Centre-Forward
England,France,8500000.0,2024,Diego Moreira,Left Midfield
England,Italy,19500000.0,2000,Robbie Keane,Centre-Forward
England,Italy,7000000.0,2001,Nelson Vivas,Right-Back
England,Italy,25750000.0,2001,Jaap Stam,Centre-Back
England,Italy,950000.0,2002,Benny Carbone,Second Striker
England,Italy,1600000.0,2002,Samuele Dalla Bona,Central Midfield
England,Italy,550000.0,2003,Matteo Sereni,Goalkeeper
England,Italy,1500000.0,2003,Tore André Flo,Centre-Forward
England,Italy,1000000.0,2004,Massimo Maccarone,Centre-Forward
England,Italy,4000000.0,2005,Per Kröldrup,Centre-Back
England,Italy,375000.0,2006,Rodrigo Defendi,Centre-Back
England,Italy,200000.0,2007,Bernardo Corradi,Centre-Forward
England,Italy,11000000.0,2007,Mohamed Sissoko,Defensive Midfield
England,Italy,1000000.0,2007,David Rozehnal,Centre-Back
England,Italy,263000.0,2007,Ousmane Dabo,Defensive Midfield
England,Italy,14000000.0,2008,Sulley Muntari,Central Midfield
England,Italy,5500000.0,2008,John Arne Riise,Left-Back
England,Italy,2500000.0,2008,Philippe Senderos,Centre-Back
England,Italy,7000000.0,2008,Rolando Bianchi,Centre-Forward
England,Italy,3750000.0,2009,Andrea Dossena,Left Midfield
England,Italy,500000.0,2010,Armand Traoré,Left-Back
England,Italy,21000000.0,2010,Robinho,Left Winger
England,Italy,2500000.0,2010,Javier Garrido,Left-Back
England,Italy,5700000.0,2010,Kevin-Prince Boateng,Attacking Midfield
England,Italy,2000000.0,2010,Valeri Bozhinov,Centre-Forward
England,Italy,2200000.0,2010,Alessandro Diamanti,Attacking Midfield
England,Italy,750000.0,2010,Fabio Daprelà,Centre-Back
England,Italy,465000.0,2010,Federico Macheda,Centre-Forward
England,Italy,2000000.0,2010,Valon Behrami,Defensive Midfield
England,Italy,1000000.0,2010,Mauro Boselli,Centre-Forward
England,Italy,360000.0,2011,Fabio Borini,Left Winger
England,Italy,3500000.0,2012,Nigel de Jong,Defensive Midfield
England,Italy,2000000.0,2012,Alberto Aquilani,Central Midfield
England,Italy,1800000.0,2012,Vladimír Weiss,Left Winger
England,Italy,9000000.0,2013,Carlos Tevez,Centre-Forward
England,Italy,1500000.0,2013,Wallace Oliveira,Right-Back
England,Italy,8000000.0,2013,Gervinho,Left Winger
England,Italy,1000000.0,2014,Micah Richards,Right-Back
England,Italy,2000000.0,2014,Iago Falque,Right Winger
England,Italy,8000000.0,2014,Gary Medel,Centre-Back
England,Italy,1900000.0,2014,Patrice Evra,Left-Back
England,Italy,1000000.0,2014,Marco van Ginkel,Central Midfield
England,Italy,1250000.0,2014,Michu,Second Striker
England,Italy,1260000.0,2014,Mapou Yanga-Mbiwa,Centre-Back
England,Italy,1800000.0,2014,José Campaña,Central Midfield
England,Italy,600000.0,2014,Lukas Podolski,Centre-Forward
England,Italy,1300000.0,2014,Suso,Right Winger
England,Italy,1800000.0,2015,Juan Cuadrado,Right Midfield
England,Italy,5000000.0,2015,Mohamed Salah,Right Winger
England,Italy,4000000.0,2015,Edin Džeko,Centre-Forward
England,Italy,7000000.0,2015,Vlad Chiricheș,Defensive Midfield
England,Italy,250000.0,2015,Nathaniel Chalobah,Defensive Midfield
England,Italy,2500000.0,2015,Stevan Jovetić,Second Striker
England,Italy,250000.0,2015,Emanuele Giaccherini,Left Midfield
England,Italy,2100000.0,2015,Mauro Zárate,Centre-Forward
England,Italy,250000.0,2015,Yohan Benalouane,Centre-Back
England,Italy,6700000.0,2016,Alberto Paloschi,Centre-Forward
England,Italy,7600000.0,2016,Luis Alberto,Attacking Midfield
England,Italy,1000000.0,2016,Mario Pasalic,Central Midfield
England,Italy,1500000.0,2016,Emanuele Giaccherini,Left Midfield
England,Italy,1200000.0,2016,Federico Fazio,Centre-Back
England,Italy,700000.0,2016,Gerard Deulofeu,Centre-Forward
England,Italy,2500000.0,2018,Mario Pasalic,Central Midfield
England,Italy,1520000.0,2018,Ragnar Klavan,Centre-Back
England,Italy,865000.0,2018,Edimilson Fernandes,Defensive Midfield
England,Italy,750000.0,2018,Kevin Mirallas,Right Winger
England,Italy,1500000.0,2018,Joel Campbell,Right Winger
England,Italy,5500000.0,2018,Fabio Borini,Left Winger
England,Italy,5000000.0,2018,Tiemoué Bakayoko,Defensive Midfield
England,Italy,7350000.0,2018,Ronaldo Vieira,Central Midfield
England,Italy,600000.0,2018,Ola Aina,Right-Back
England,Italy,220000.0,2018,Ezequiel Schelotto,Right Midfield
England,Italy,500000.0,2018,Cédric Soares,Right-Back
England,Italy,11900000.0,2018,Manolo Gabbiadini,Centre-Forward
England,Italy,500000.0,2018,Stefano Okaka,Centre-Forward
England,Italy,300000.0,2018,Marvin Zeegelaar,Left-Back
England,Italy,300000.0,2018,Ben Wilmot,Centre-Back
England,Italy,1800000.0,2019,Ales Mateju,Centre-Back
England,Italy,74000000.0,2019,Romelu Lukaku,Centre-Forward
England,Italy,37000000.0,2019,Danilo,Centre-Back
England,Italy,500000.0,2019,Panagiotis Tachtsidis,Defensive Midfield
England,Italy,2480000.0,2019,Matteo Darmian,Right-Back
England,Italy,3100000.0,2019,Henrikh Mkhitaryan,Central Midfield
England,Italy,3000000.0,2019,Chris Smalling,Centre-Back
England,Italy,7750000.0,2019,Pedro Obiang,Central Midfield
England,Italy,3000000.0,2019,Patrick Cutrone,Centre-Forward
England,Italy,27000000.0,2019,Christian Eriksen,Central Midfield
England,Italy,1700000.0,2019,Ashley Young,Right-Back
England,Italy,216000.0,2019,Victor Moses,Right Winger
England,Italy,125000.0,2019,Asmir Begovic,Goalkeeper
England,Italy,1000000.0,2020,Wesley Hoedt,Centre-Back
England,Italy,500000.0,2020,Diogo Dalot,Right-Back
England,Italy,1750000.0,2020,Tiemoué Bakayoko,Defensive Midfield
England,Italy,1500000.0,2020,Roberto Pereyra,Central Midfield
England,Italy,600000.0,2020,Fikayo Tomori,Centre-Back
England,Italy,4800000.0,2021,Olivier Giroud,Centre-Forward
England,Italy,9000000.0,2021,Davide Zappacosta,Right Midfield
England,Italy,7000000.0,2021,Moise Kean,Centre-Forward
England,Italy,1300000.0,2021,Frank Anguissa,Central Midfield
England,Italy,3000000.0,2021,Felipe Anderson,Right Winger
England,Italy,41000000.0,2021,Tammy Abraham,Centre-Forward
England,Italy,11800000.0,2021,Rui Patrício,Goalkeeper
England,Italy,1800000.0,2021,Isaac Success,Centre-Forward
England,Italy,1500000.0,2021,Lucas Torreira,Defensive Midfield
England,Italy,1000000.0,2021,Dennis Praet,Central Midfield
England,Italy,1000000.0,2021,Axel Tuanzebe,Right-Back
England,Italy,500000.0,2021,Ainsley Maitland-Niles,Right-Back
England,Italy,7860000.0,2022,Romelu Lukaku,Centre-Forward
England,Italy,5500000.0,2022,Leo Østigård,Centre-Back
England,Italy,500000.0,2022,Tanguy Ndombélé,Central Midfield
England,Italy,19000000.0,2022,Hassane Kamara,Left-Back
England,Italy,5000000.0,2022,Adam Masina,Centre-Back
England,Italy,500000.0,2022,Diego Llorente,Centre-Back
England,Italy,500000.0,2022,William Troost-Ekong,Centre-Back
England,Italy,20800000.0,2023,Christian Pulisic,Right Winger
England,Italy,18900000.0,2023,Ruben Loftus-Cheek,Central Midfield
England,Italy,28000000.0,2023,Gianluca Scamacca,Centre-Forward
England,Italy,5800000.0,2023,Romelu Lukaku,Centre-Forward
England,Italy,1000000.0,2023,Victor Kristiansen,Left-Back
England,Italy,6500000.0,2023,Christian Kabasele,Centre-Back
England,Italy,6000000.0,2023,Maduka Okoye,Goalkeeper
England,Italy,3000000.0,2023,Martín Payero,Central Midfield
England,Italy,2300000.0,2023,Keinan Davis,Centre-Forward
England,Italy,2000000.0,2023,Étienne Camara,Defensive Midfield
England,Italy,2500000.0,2023,George Pușcaș,Centre-Forward
England,Italy,608000.0,2023,Leander Dendoncker,Defensive Midfield
England,Italy,3900000.0,2023,Carlos Alcaraz,Central Midfield
England,Italy,15000000.0,2024,Emerson Royal,Right-Back
England,Italy,51500000.0,2024,Douglas Luiz,Central Midfield
England,Italy,12500000.0,2024,Ben Godfrey,Centre-Back
England,Italy,30500000.0,2024,Scott McTominay,Central Midfield
England,Italy,30000000.0,2024,Romelu Lukaku,Centre-Forward
England,Italy,14000000.0,2024,Billy Gilmour,Defensive Midfield
England,Italy,5500000.0,2024,João Félix,Second Striker
England,Italy,4000000.0,2024,Renato Veiga,Centre-Back
England,Italy,3800000.0,2024,Lloyd Kelly,Centre-Back
England,Italy,13000000.0,2024,Cesare Casadei,Central Midfield
England,Italy,20000000.0,2012,Mario Balotelli,Centre-Forward
England,Italy,1000000.0,2012,Alejandro Faurlín,Central Midfield
England,Italy,250000.0,2012,Mauro Boselli,Centre-Forward
England,Italy,500000.0,2013,Michael Essien,Defensive Midfield
England,Italy,150000.0,2013,Cabral,Defensive Midfield
England,Italy,20000000.0,2005,Patrick Vieira,Defensive Midfield
England,Italy,6200000.0,2009,Savio Nsereko,Right Winger
England,Italy,16700000.0,2017,Marten de Roon,Defensive Midfield
England,Italy,7000000.0,2017,Jordan Veretout,Central Midfield
England,Italy,1250000.0,2017,Bruno Zuculini,Defensive Midfield
England,Italy,18400000.0,2017,Wojciech Szczesny,Goalkeeper
England,Italy,5700000.0,2017,Lucas Leiva,Defensive Midfield
England,Italy,5000000.0,2017,Aleksandar Kolarov,Left-Back
England,Italy,6300000.0,2017,Gastón Ramírez,Central Midfield
England,Italy,2000000.0,2017,Valon Behrami,Defensive Midfield
